problem,input_scaling,algorithm,seed,status,suite,path,analysis_available
cantilever,raw,gplearn,2,success,benchmark_suite_v8,results/cantilever/benchmark_suite_v8/raw/gplearn/seed-2.json,True
cantilever,raw,gplearn,3,success,benchmark_suite_v8,results/cantilever/benchmark_suite_v8/raw/gplearn/seed-3.json,True
cantilever,raw,gplearn,5,success,benchmark_suite_v8,results/cantilever/benchmark_suite_v8/raw/gplearn/seed-5.json,True
cantilever,raw,gplearn,7,success,benchmark_suite_v8,results/cantilever/benchmark_suite_v8/raw/gplearn/seed-7.json,True
cantilever,raw,gplearn,11,success,benchmark_suite_v8,results/cantilever/benchmark_suite_v8/raw/gplearn/seed-11.json,True
cantilever,raw,gplearn,13,success,benchmark_suite_v8,results/cantilever/benchmark_suite_v8/raw/gplearn/seed-13.json,True
cantilever,raw,gplearn,17,success,benchmark_suite_v8,results/cantilever/benchmark_suite_v8/raw/gplearn/seed-17.json,True
cantilever,raw,gplearn,19,success,benchmark_suite_v8,results/cantilever/benchmark_suite_v8/raw/gplearn/seed-19.json,True
cantilever,raw,gplearn,23,success,benchmark_suite_v8,results/cantilever/benchmark_suite_v8/raw/gplearn/seed-23.json,True
cantilever,raw,gplearn,29,success,benchmark_suite_v8,results/cantilever/benchmark_suite_v8/raw/gplearn/seed-29.json,True
cantilever,raw,operon,2,success,benchmark_suite_v8,results/cantilever/benchmark_suite_v8/raw/operon/seed-2.json,True
cantilever,raw,operon,3,success,benchmark_suite_v8,results/cantilever/benchmark_suite_v8/raw/operon/seed-3.json,True
cantilever,raw,operon,5,success,benchmark_suite_v8,results/cantilever/benchmark_suite_v8/raw/operon/seed-5.json,True
cantilever,raw,operon,7,success,benchmark_suite_v8,results/cantilever/benchmark_suite_v8/raw/operon/seed-7.json,True
cantilever,raw,operon,11,success,benchmark_suite_v8,results/cantilever/benchmark_suite_v8/raw/operon/seed-11.json,True
cantilever,raw,operon,13,success,benchmark_suite_v8,results/cantilever/benchmark_suite_v8/raw/operon/seed-13.json,True
cantilever,raw,operon,17,success,benchmark_suite_v8,results/cantilever/benchmark_suite_v8/raw/operon/seed-17.json,True
cantilever,raw,operon,19,success,benchmark_suite_v8,results/cantilever/benchmark_suite_v8/raw/operon/seed-19.json,True
cantilever,raw,operon,23,success,benchmark_suite_v8,results/cantilever/benchmark_suite_v8/raw/operon/seed-23.json,True
cantilever,raw,operon,29,success,benchmark_suite_v8,results/cantilever/benchmark_suite_v8/raw/operon/seed-29.json,True
cantilever,raw,pysr,2,success,benchmark_suite_v8,results/cantilever/benchmark_suite_v8/raw/pysr/seed-2.json,True
cantilever,raw,pysr,3,success,benchmark_suite_v8,results/cantilever/benchmark_suite_v8/raw/pysr/seed-3.json,True
cantilever,raw,pysr,5,success,benchmark_suite_v8,results/cantilever/benchmark_suite_v8/raw/pysr/seed-5.json,True
cantilever,raw,pysr,7,success,benchmark_suite_v8,results/cantilever/benchmark_suite_v8/raw/pysr/seed-7.json,True
cantilever,raw,pysr,11,success,benchmark_suite_v8,results/cantilever/benchmark_suite_v8/raw/pysr/seed-11.json,True
cantilever,raw,pysr,13,success,benchmark_suite_v8,results/cantilever/benchmark_suite_v8/raw/pysr/seed-13.json,True
cantilever,raw,pysr,17,success,benchmark_suite_v8,results/cantilever/benchmark_suite_v8/raw/pysr/seed-17.json,True
cantilever,raw,pysr,19,success,benchmark_suite_v8,results/cantilever/benchmark_suite_v8/raw/pysr/seed-19.json,True
cantilever,raw,pysr,23,success,benchmark_suite_v8,results/cantilever/benchmark_suite_v8/raw/pysr/seed-23.json,True
cantilever,raw,pysr,29,success,benchmark_suite_v8,results/cantilever/benchmark_suite_v8/raw/pysr/seed-29.json,True
cantilever,raw,geneticengine,2,success,benchmark_suite_v8,results/cantilever/benchmark_suite_v8/raw/geneticengine/seed-2.json,True
cantilever,raw,geneticengine,3,success,benchmark_suite_v8,results/cantilever/benchmark_suite_v8/raw/geneticengine/seed-3.json,True
cantilever,raw,geneticengine,5,success,benchmark_suite_v8,results/cantilever/benchmark_suite_v8/raw/geneticengine/seed-5.json,True
cantilever,raw,geneticengine,7,success,benchmark_suite_v8,results/cantilever/benchmark_suite_v8/raw/geneticengine/seed-7.json,True
cantilever,raw,geneticengine,11,success,benchmark_suite_v8,results/cantilever/benchmark_suite_v8/raw/geneticengine/seed-11.json,True
cantilever,raw,geneticengine,13,success,benchmark_suite_v8,results/cantilever/benchmark_suite_v8/raw/geneticengine/seed-13.json,True
cantilever,raw,geneticengine,17,success,benchmark_suite_v8,results/cantilever/benchmark_suite_v8/raw/geneticengine/seed-17.json,True
cantilever,raw,geneticengine,19,success,benchmark_suite_v8,results/cantilever/benchmark_suite_v8/raw/geneticengine/seed-19.json,True
cantilever,raw,geneticengine,23,success,benchmark_suite_v8,results/cantilever/benchmark_suite_v8/raw/geneticengine/seed-23.json,True
cantilever,raw,geneticengine,29,success,benchmark_suite_v8,results/cantilever/benchmark_suite_v8/raw/geneticengine/seed-29.json,True
cantilever,raw,itea,2,success,benchmark_suite_v8,results/cantilever/benchmark_suite_v8/raw/itea/seed-2.json,True
cantilever,raw,itea,3,success,benchmark_suite_v8,results/cantilever/benchmark_suite_v8/raw/itea/seed-3.json,True
cantilever,raw,itea,5,success,benchmark_suite_v8,results/cantilever/benchmark_suite_v8/raw/itea/seed-5.json,True
cantilever,raw,itea,7,success,benchmark_suite_v8,results/cantilever/benchmark_suite_v8/raw/itea/seed-7.json,True
cantilever,raw,itea,11,success,benchmark_suite_v8,results/cantilever/benchmark_suite_v8/raw/itea/seed-11.json,True
cantilever,raw,itea,13,success,benchmark_suite_v8,results/cantilever/benchmark_suite_v8/raw/itea/seed-13.json,True
cantilever,raw,itea,17,success,benchmark_suite_v8,results/cantilever/benchmark_suite_v8/raw/itea/seed-17.json,True
cantilever,raw,itea,19,success,benchmark_suite_v8,results/cantilever/benchmark_suite_v8/raw/itea/seed-19.json,True
cantilever,raw,itea,23,success,benchmark_suite_v8,results/cantilever/benchmark_suite_v8/raw/itea/seed-23.json,True
cantilever,raw,itea,29,success,benchmark_suite_v8,results/cantilever/benchmark_suite_v8/raw/itea/seed-29.json,True
cantilever,raw,eql,2,success,benchmark_suite_v8,results/cantilever/benchmark_suite_v8/raw/eql/seed-2.json,True
cantilever,raw,eql,3,success,benchmark_suite_v8,results/cantilever/benchmark_suite_v8/raw/eql/seed-3.json,True
cantilever,raw,eql,5,success,benchmark_suite_v8,results/cantilever/benchmark_suite_v8/raw/eql/seed-5.json,True
cantilever,raw,eql,7,success,benchmark_suite_v8,results/cantilever/benchmark_suite_v8/raw/eql/seed-7.json,True
cantilever,raw,eql,11,success,benchmark_suite_v8,results/cantilever/benchmark_suite_v8/raw/eql/seed-11.json,True
cantilever,raw,eql,13,success,benchmark_suite_v8,results/cantilever/benchmark_suite_v8/raw/eql/seed-13.json,True
cantilever,raw,eql,17,success,benchmark_suite_v8,results/cantilever/benchmark_suite_v8/raw/eql/seed-17.json,True
cantilever,raw,eql,19,success,benchmark_suite_v8,results/cantilever/benchmark_suite_v8/raw/eql/seed-19.json,True
cantilever,raw,eql,23,success,benchmark_suite_v8,results/cantilever/benchmark_suite_v8/raw/eql/seed-23.json,True
cantilever,raw,eql,29,success,benchmark_suite_v8,results/cantilever/benchmark_suite_v8/raw/eql/seed-29.json,True
cantilever,domain_minmax,gplearn,2,success,benchmark_suite_v8,results/cantilever/benchmark_suite_v8/domain_minmax/gplearn/seed-2.json,True
cantilever,domain_minmax,gplearn,3,success,benchmark_suite_v8,results/cantilever/benchmark_suite_v8/domain_minmax/gplearn/seed-3.json,True
cantilever,domain_minmax,gplearn,5,success,benchmark_suite_v8,results/cantilever/benchmark_suite_v8/domain_minmax/gplearn/seed-5.json,True
cantilever,domain_minmax,gplearn,7,success,benchmark_suite_v8,results/cantilever/benchmark_suite_v8/domain_minmax/gplearn/seed-7.json,True
cantilever,domain_minmax,gplearn,11,success,benchmark_suite_v8,results/cantilever/benchmark_suite_v8/domain_minmax/gplearn/seed-11.json,True
cantilever,domain_minmax,gplearn,13,success,benchmark_suite_v8,results/cantilever/benchmark_suite_v8/domain_minmax/gplearn/seed-13.json,True
cantilever,domain_minmax,gplearn,17,success,benchmark_suite_v8,results/cantilever/benchmark_suite_v8/domain_minmax/gplearn/seed-17.json,True
cantilever,domain_minmax,gplearn,19,success,benchmark_suite_v8,results/cantilever/benchmark_suite_v8/domain_minmax/gplearn/seed-19.json,True
cantilever,domain_minmax,gplearn,23,success,benchmark_suite_v8,results/cantilever/benchmark_suite_v8/domain_minmax/gplearn/seed-23.json,True
cantilever,domain_minmax,gplearn,29,success,benchmark_suite_v8,results/cantilever/benchmark_suite_v8/domain_minmax/gplearn/seed-29.json,True
cantilever,domain_minmax,operon,2,success,benchmark_suite_v8,results/cantilever/benchmark_suite_v8/domain_minmax/operon/seed-2.json,True
cantilever,domain_minmax,operon,3,success,benchmark_suite_v8,results/cantilever/benchmark_suite_v8/domain_minmax/operon/seed-3.json,True
cantilever,domain_minmax,operon,5,success,benchmark_suite_v8,results/cantilever/benchmark_suite_v8/domain_minmax/operon/seed-5.json,True
cantilever,domain_minmax,operon,7,success,benchmark_suite_v8,results/cantilever/benchmark_suite_v8/domain_minmax/operon/seed-7.json,True
cantilever,domain_minmax,operon,11,success,benchmark_suite_v8,results/cantilever/benchmark_suite_v8/domain_minmax/operon/seed-11.json,True
cantilever,domain_minmax,operon,13,success,benchmark_suite_v8,results/cantilever/benchmark_suite_v8/domain_minmax/operon/seed-13.json,True
cantilever,domain_minmax,operon,17,success,benchmark_suite_v8,results/cantilever/benchmark_suite_v8/domain_minmax/operon/seed-17.json,True
cantilever,domain_minmax,operon,19,success,benchmark_suite_v8,results/cantilever/benchmark_suite_v8/domain_minmax/operon/seed-19.json,True
cantilever,domain_minmax,operon,23,success,benchmark_suite_v8,results/cantilever/benchmark_suite_v8/domain_minmax/operon/seed-23.json,True
cantilever,domain_minmax,operon,29,success,benchmark_suite_v8,results/cantilever/benchmark_suite_v8/domain_minmax/operon/seed-29.json,True
cantilever,domain_minmax,pysr,2,success,benchmark_suite_v8,results/cantilever/benchmark_suite_v8/domain_minmax/pysr/seed-2.json,True
cantilever,domain_minmax,pysr,3,success,benchmark_suite_v8,results/cantilever/benchmark_suite_v8/domain_minmax/pysr/seed-3.json,True
cantilever,domain_minmax,pysr,5,success,benchmark_suite_v8,results/cantilever/benchmark_suite_v8/domain_minmax/pysr/seed-5.json,True
cantilever,domain_minmax,pysr,7,success,benchmark_suite_v8,results/cantilever/benchmark_suite_v8/domain_minmax/pysr/seed-7.json,True
cantilever,domain_minmax,pysr,11,success,benchmark_suite_v8,results/cantilever/benchmark_suite_v8/domain_minmax/pysr/seed-11.json,True
cantilever,domain_minmax,pysr,13,success,benchmark_suite_v8,results/cantilever/benchmark_suite_v8/domain_minmax/pysr/seed-13.json,True
cantilever,domain_minmax,pysr,17,success,benchmark_suite_v8,results/cantilever/benchmark_suite_v8/domain_minmax/pysr/seed-17.json,True
cantilever,domain_minmax,pysr,19,success,benchmark_suite_v8,results/cantilever/benchmark_suite_v8/domain_minmax/pysr/seed-19.json,True
cantilever,domain_minmax,pysr,23,success,benchmark_suite_v8,results/cantilever/benchmark_suite_v8/domain_minmax/pysr/seed-23.json,True
cantilever,domain_minmax,pysr,29,success,benchmark_suite_v8,results/cantilever/benchmark_suite_v8/domain_minmax/pysr/seed-29.json,True
cantilever,domain_minmax,geneticengine,2,success,benchmark_suite_v8,results/cantilever/benchmark_suite_v8/domain_minmax/geneticengine/seed-2.json,True
cantilever,domain_minmax,geneticengine,3,success,benchmark_suite_v8,results/cantilever/benchmark_suite_v8/domain_minmax/geneticengine/seed-3.json,True
cantilever,domain_minmax,geneticengine,5,success,benchmark_suite_v8,results/cantilever/benchmark_suite_v8/domain_minmax/geneticengine/seed-5.json,True
cantilever,domain_minmax,geneticengine,7,success,benchmark_suite_v8,results/cantilever/benchmark_suite_v8/domain_minmax/geneticengine/seed-7.json,True
cantilever,domain_minmax,geneticengine,11,success,benchmark_suite_v8,results/cantilever/benchmark_suite_v8/domain_minmax/geneticengine/seed-11.json,True
cantilever,domain_minmax,geneticengine,13,success,benchmark_suite_v8,results/cantilever/benchmark_suite_v8/domain_minmax/geneticengine/seed-13.json,True
cantilever,domain_minmax,geneticengine,17,success,benchmark_suite_v8,results/cantilever/benchmark_suite_v8/domain_minmax/geneticengine/seed-17.json,True
cantilever,domain_minmax,geneticengine,19,success,benchmark_suite_v8,results/cantilever/benchmark_suite_v8/domain_minmax/geneticengine/seed-19.json,True
cantilever,domain_minmax,geneticengine,23,success,benchmark_suite_v8,results/cantilever/benchmark_suite_v8/domain_minmax/geneticengine/seed-23.json,True
cantilever,domain_minmax,geneticengine,29,success,benchmark_suite_v8,results/cantilever/benchmark_suite_v8/domain_minmax/geneticengine/seed-29.json,True
cantilever,domain_minmax,itea,2,success,benchmark_suite_v8,results/cantilever/benchmark_suite_v8/domain_minmax/itea/seed-2.json,True
cantilever,domain_minmax,itea,3,success,benchmark_suite_v8,results/cantilever/benchmark_suite_v8/domain_minmax/itea/seed-3.json,True
cantilever,domain_minmax,itea,5,success,benchmark_suite_v8,results/cantilever/benchmark_suite_v8/domain_minmax/itea/seed-5.json,True
cantilever,domain_minmax,itea,7,success,benchmark_suite_v8,results/cantilever/benchmark_suite_v8/domain_minmax/itea/seed-7.json,True
cantilever,domain_minmax,itea,11,success,benchmark_suite_v8,results/cantilever/benchmark_suite_v8/domain_minmax/itea/seed-11.json,True
cantilever,domain_minmax,itea,13,success,benchmark_suite_v8,results/cantilever/benchmark_suite_v8/domain_minmax/itea/seed-13.json,True
cantilever,domain_minmax,itea,17,success,benchmark_suite_v8,results/cantilever/benchmark_suite_v8/domain_minmax/itea/seed-17.json,True
cantilever,domain_minmax,itea,19,success,benchmark_suite_v8,results/cantilever/benchmark_suite_v8/domain_minmax/itea/seed-19.json,True
cantilever,domain_minmax,itea,23,success,benchmark_suite_v8,results/cantilever/benchmark_suite_v8/domain_minmax/itea/seed-23.json,True
cantilever,domain_minmax,itea,29,success,benchmark_suite_v8,results/cantilever/benchmark_suite_v8/domain_minmax/itea/seed-29.json,True
cantilever,domain_minmax,eql,2,success,benchmark_suite_v8,results/cantilever/benchmark_suite_v8/domain_minmax/eql/seed-2.json,True
cantilever,domain_minmax,eql,3,success,benchmark_suite_v8,results/cantilever/benchmark_suite_v8/domain_minmax/eql/seed-3.json,True
cantilever,domain_minmax,eql,5,success,benchmark_suite_v8,results/cantilever/benchmark_suite_v8/domain_minmax/eql/seed-5.json,True
cantilever,domain_minmax,eql,7,success,benchmark_suite_v8,results/cantilever/benchmark_suite_v8/domain_minmax/eql/seed-7.json,True
cantilever,domain_minmax,eql,11,success,benchmark_suite_v8,results/cantilever/benchmark_suite_v8/domain_minmax/eql/seed-11.json,True
cantilever,domain_minmax,eql,13,success,benchmark_suite_v8,results/cantilever/benchmark_suite_v8/domain_minmax/eql/seed-13.json,True
cantilever,domain_minmax,eql,17,success,benchmark_suite_v8,results/cantilever/benchmark_suite_v8/domain_minmax/eql/seed-17.json,True
cantilever,domain_minmax,eql,19,success,benchmark_suite_v8,results/cantilever/benchmark_suite_v8/domain_minmax/eql/seed-19.json,True
cantilever,domain_minmax,eql,23,success,benchmark_suite_v8,results/cantilever/benchmark_suite_v8/domain_minmax/eql/seed-23.json,True
cantilever,domain_minmax,eql,29,success,benchmark_suite_v8,results/cantilever/benchmark_suite_v8/domain_minmax/eql/seed-29.json,True
borehole,raw,gplearn,2,success,benchmark_suite_v8,results/borehole/benchmark_suite_v8/raw/gplearn/seed-2.json,True
borehole,raw,gplearn,3,success,benchmark_suite_v8,results/borehole/benchmark_suite_v8/raw/gplearn/seed-3.json,True
borehole,raw,gplearn,5,success,benchmark_suite_v8,results/borehole/benchmark_suite_v8/raw/gplearn/seed-5.json,True
borehole,raw,gplearn,7,success,benchmark_suite_v8,results/borehole/benchmark_suite_v8/raw/gplearn/seed-7.json,True
borehole,raw,gplearn,11,success,benchmark_suite_v8,results/borehole/benchmark_suite_v8/raw/gplearn/seed-11.json,True
borehole,raw,gplearn,13,success,benchmark_suite_v8,results/borehole/benchmark_suite_v8/raw/gplearn/seed-13.json,True
borehole,raw,gplearn,17,success,benchmark_suite_v8,results/borehole/benchmark_suite_v8/raw/gplearn/seed-17.json,True
borehole,raw,gplearn,19,success,benchmark_suite_v8,results/borehole/benchmark_suite_v8/raw/gplearn/seed-19.json,True
borehole,raw,gplearn,23,success,benchmark_suite_v8,results/borehole/benchmark_suite_v8/raw/gplearn/seed-23.json,True
borehole,raw,gplearn,29,success,benchmark_suite_v8,results/borehole/benchmark_suite_v8/raw/gplearn/seed-29.json,True
borehole,raw,operon,2,success,benchmark_suite_v8,results/borehole/benchmark_suite_v8/raw/operon/seed-2.json,True
borehole,raw,operon,3,success,benchmark_suite_v8,results/borehole/benchmark_suite_v8/raw/operon/seed-3.json,True
borehole,raw,operon,5,success,benchmark_suite_v8,results/borehole/benchmark_suite_v8/raw/operon/seed-5.json,True
borehole,raw,operon,7,success,benchmark_suite_v8,results/borehole/benchmark_suite_v8/raw/operon/seed-7.json,True
borehole,raw,operon,11,success,benchmark_suite_v8,results/borehole/benchmark_suite_v8/raw/operon/seed-11.json,True
borehole,raw,operon,13,success,benchmark_suite_v8,results/borehole/benchmark_suite_v8/raw/operon/seed-13.json,True
borehole,raw,operon,17,success,benchmark_suite_v8,results/borehole/benchmark_suite_v8/raw/operon/seed-17.json,True
borehole,raw,operon,19,success,benchmark_suite_v8,results/borehole/benchmark_suite_v8/raw/operon/seed-19.json,True
borehole,raw,operon,23,success,benchmark_suite_v8,results/borehole/benchmark_suite_v8/raw/operon/seed-23.json,True
borehole,raw,operon,29,success,benchmark_suite_v8,results/borehole/benchmark_suite_v8/raw/operon/seed-29.json,True
borehole,raw,pysr,2,success,benchmark_suite_v8,results/borehole/benchmark_suite_v8/raw/pysr/seed-2.json,True
borehole,raw,pysr,3,success,benchmark_suite_v8,results/borehole/benchmark_suite_v8/raw/pysr/seed-3.json,True
borehole,raw,pysr,5,success,benchmark_suite_v8,results/borehole/benchmark_suite_v8/raw/pysr/seed-5.json,True
borehole,raw,pysr,7,success,benchmark_suite_v8,results/borehole/benchmark_suite_v8/raw/pysr/seed-7.json,True
borehole,raw,pysr,11,success,benchmark_suite_v8,results/borehole/benchmark_suite_v8/raw/pysr/seed-11.json,True
borehole,raw,pysr,13,success,benchmark_suite_v8,results/borehole/benchmark_suite_v8/raw/pysr/seed-13.json,True
borehole,raw,pysr,17,success,benchmark_suite_v8,results/borehole/benchmark_suite_v8/raw/pysr/seed-17.json,True
borehole,raw,pysr,19,success,benchmark_suite_v8,results/borehole/benchmark_suite_v8/raw/pysr/seed-19.json,True
borehole,raw,pysr,23,success,benchmark_suite_v8,results/borehole/benchmark_suite_v8/raw/pysr/seed-23.json,True
borehole,raw,pysr,29,success,benchmark_suite_v8,results/borehole/benchmark_suite_v8/raw/pysr/seed-29.json,True
borehole,raw,geneticengine,2,success,benchmark_suite_v8,results/borehole/benchmark_suite_v8/raw/geneticengine/seed-2.json,True
borehole,raw,geneticengine,3,success,benchmark_suite_v8,results/borehole/benchmark_suite_v8/raw/geneticengine/seed-3.json,True
borehole,raw,geneticengine,5,success,benchmark_suite_v8,results/borehole/benchmark_suite_v8/raw/geneticengine/seed-5.json,True
borehole,raw,geneticengine,7,success,benchmark_suite_v8,results/borehole/benchmark_suite_v8/raw/geneticengine/seed-7.json,True
borehole,raw,geneticengine,11,success,benchmark_suite_v8,results/borehole/benchmark_suite_v8/raw/geneticengine/seed-11.json,True
borehole,raw,geneticengine,13,success,benchmark_suite_v8,results/borehole/benchmark_suite_v8/raw/geneticengine/seed-13.json,True
borehole,raw,geneticengine,17,success,benchmark_suite_v8,results/borehole/benchmark_suite_v8/raw/geneticengine/seed-17.json,True
borehole,raw,geneticengine,19,success,benchmark_suite_v8,results/borehole/benchmark_suite_v8/raw/geneticengine/seed-19.json,True
borehole,raw,geneticengine,23,success,benchmark_suite_v8,results/borehole/benchmark_suite_v8/raw/geneticengine/seed-23.json,True
borehole,raw,geneticengine,29,success,benchmark_suite_v8,results/borehole/benchmark_suite_v8/raw/geneticengine/seed-29.json,True
borehole,raw,itea,2,success,benchmark_suite_v8,results/borehole/benchmark_suite_v8/raw/itea/seed-2.json,True
borehole,raw,itea,3,success,benchmark_suite_v8,results/borehole/benchmark_suite_v8/raw/itea/seed-3.json,True
borehole,raw,itea,5,success,benchmark_suite_v8,results/borehole/benchmark_suite_v8/raw/itea/seed-5.json,True
borehole,raw,itea,7,success,benchmark_suite_v8,results/borehole/benchmark_suite_v8/raw/itea/seed-7.json,True
borehole,raw,itea,11,success,benchmark_suite_v8,results/borehole/benchmark_suite_v8/raw/itea/seed-11.json,True
borehole,raw,itea,13,success,benchmark_suite_v8,results/borehole/benchmark_suite_v8/raw/itea/seed-13.json,True
borehole,raw,itea,17,success,benchmark_suite_v8,results/borehole/benchmark_suite_v8/raw/itea/seed-17.json,True
borehole,raw,itea,19,success,benchmark_suite_v8,results/borehole/benchmark_suite_v8/raw/itea/seed-19.json,True
borehole,raw,itea,23,success,benchmark_suite_v8,results/borehole/benchmark_suite_v8/raw/itea/seed-23.json,True
borehole,raw,itea,29,success,benchmark_suite_v8,results/borehole/benchmark_suite_v8/raw/itea/seed-29.json,True
borehole,raw,eql,2,success,benchmark_suite_v8,results/borehole/benchmark_suite_v8/raw/eql/seed-2.json,True
borehole,raw,eql,3,success,benchmark_suite_v8,results/borehole/benchmark_suite_v8/raw/eql/seed-3.json,True
borehole,raw,eql,5,success,benchmark_suite_v8,results/borehole/benchmark_suite_v8/raw/eql/seed-5.json,True
borehole,raw,eql,7,success,benchmark_suite_v8,results/borehole/benchmark_suite_v8/raw/eql/seed-7.json,True
borehole,raw,eql,11,success,benchmark_suite_v8,results/borehole/benchmark_suite_v8/raw/eql/seed-11.json,True
borehole,raw,eql,13,success,benchmark_suite_v8,results/borehole/benchmark_suite_v8/raw/eql/seed-13.json,True
borehole,raw,eql,17,success,benchmark_suite_v8,results/borehole/benchmark_suite_v8/raw/eql/seed-17.json,True
borehole,raw,eql,19,success,benchmark_suite_v8,results/borehole/benchmark_suite_v8/raw/eql/seed-19.json,True
borehole,raw,eql,23,success,benchmark_suite_v8,results/borehole/benchmark_suite_v8/raw/eql/seed-23.json,True
borehole,raw,eql,29,success,benchmark_suite_v8,results/borehole/benchmark_suite_v8/raw/eql/seed-29.json,True
borehole,domain_minmax,gplearn,2,success,benchmark_suite_v8,results/borehole/benchmark_suite_v8/domain_minmax/gplearn/seed-2.json,True
borehole,domain_minmax,gplearn,3,success,benchmark_suite_v8,results/borehole/benchmark_suite_v8/domain_minmax/gplearn/seed-3.json,True
borehole,domain_minmax,gplearn,5,success,benchmark_suite_v8,results/borehole/benchmark_suite_v8/domain_minmax/gplearn/seed-5.json,True
borehole,domain_minmax,gplearn,7,success,benchmark_suite_v8,results/borehole/benchmark_suite_v8/domain_minmax/gplearn/seed-7.json,True
borehole,domain_minmax,gplearn,11,success,benchmark_suite_v8,results/borehole/benchmark_suite_v8/domain_minmax/gplearn/seed-11.json,True
borehole,domain_minmax,gplearn,13,success,benchmark_suite_v8,results/borehole/benchmark_suite_v8/domain_minmax/gplearn/seed-13.json,True
borehole,domain_minmax,gplearn,17,success,benchmark_suite_v8,results/borehole/benchmark_suite_v8/domain_minmax/gplearn/seed-17.json,True
borehole,domain_minmax,gplearn,19,success,benchmark_suite_v8,results/borehole/benchmark_suite_v8/domain_minmax/gplearn/seed-19.json,True
borehole,domain_minmax,gplearn,23,success,benchmark_suite_v8,results/borehole/benchmark_suite_v8/domain_minmax/gplearn/seed-23.json,True
borehole,domain_minmax,gplearn,29,success,benchmark_suite_v8,results/borehole/benchmark_suite_v8/domain_minmax/gplearn/seed-29.json,True
borehole,domain_minmax,operon,2,success,benchmark_suite_v8,results/borehole/benchmark_suite_v8/domain_minmax/operon/seed-2.json,True
borehole,domain_minmax,operon,3,success,benchmark_suite_v8,results/borehole/benchmark_suite_v8/domain_minmax/operon/seed-3.json,True
borehole,domain_minmax,operon,5,success,benchmark_suite_v8,results/borehole/benchmark_suite_v8/domain_minmax/operon/seed-5.json,True
borehole,domain_minmax,operon,7,success,benchmark_suite_v8,results/borehole/benchmark_suite_v8/domain_minmax/operon/seed-7.json,True
borehole,domain_minmax,operon,11,success,benchmark_suite_v8,results/borehole/benchmark_suite_v8/domain_minmax/operon/seed-11.json,True
borehole,domain_minmax,operon,13,success,benchmark_suite_v8,results/borehole/benchmark_suite_v8/domain_minmax/operon/seed-13.json,True
borehole,domain_minmax,operon,17,success,benchmark_suite_v8,results/borehole/benchmark_suite_v8/domain_minmax/operon/seed-17.json,True
borehole,domain_minmax,operon,19,success,benchmark_suite_v8,results/borehole/benchmark_suite_v8/domain_minmax/operon/seed-19.json,True
borehole,domain_minmax,operon,23,success,benchmark_suite_v8,results/borehole/benchmark_suite_v8/domain_minmax/operon/seed-23.json,True
borehole,domain_minmax,operon,29,success,benchmark_suite_v8,results/borehole/benchmark_suite_v8/domain_minmax/operon/seed-29.json,True
borehole,domain_minmax,pysr,2,success,benchmark_suite_v8,results/borehole/benchmark_suite_v8/domain_minmax/pysr/seed-2.json,True
borehole,domain_minmax,pysr,3,success,benchmark_suite_v8,results/borehole/benchmark_suite_v8/domain_minmax/pysr/seed-3.json,True
borehole,domain_minmax,pysr,5,success,benchmark_suite_v8,results/borehole/benchmark_suite_v8/domain_minmax/pysr/seed-5.json,True
borehole,domain_minmax,pysr,7,success,benchmark_suite_v8,results/borehole/benchmark_suite_v8/domain_minmax/pysr/seed-7.json,True
borehole,domain_minmax,pysr,11,success,benchmark_suite_v8,results/borehole/benchmark_suite_v8/domain_minmax/pysr/seed-11.json,True
borehole,domain_minmax,pysr,13,success,benchmark_suite_v8,results/borehole/benchmark_suite_v8/domain_minmax/pysr/seed-13.json,True
borehole,domain_minmax,pysr,17,success,benchmark_suite_v8,results/borehole/benchmark_suite_v8/domain_minmax/pysr/seed-17.json,True
borehole,domain_minmax,pysr,19,success,benchmark_suite_v8,results/borehole/benchmark_suite_v8/domain_minmax/pysr/seed-19.json,True
borehole,domain_minmax,pysr,23,success,benchmark_suite_v8,results/borehole/benchmark_suite_v8/domain_minmax/pysr/seed-23.json,True
borehole,domain_minmax,pysr,29,success,benchmark_suite_v8,results/borehole/benchmark_suite_v8/domain_minmax/pysr/seed-29.json,True
borehole,domain_minmax,geneticengine,2,success,benchmark_suite_v8,results/borehole/benchmark_suite_v8/domain_minmax/geneticengine/seed-2.json,True
borehole,domain_minmax,geneticengine,3,success,benchmark_suite_v8,results/borehole/benchmark_suite_v8/domain_minmax/geneticengine/seed-3.json,True
borehole,domain_minmax,geneticengine,5,success,benchmark_suite_v8,results/borehole/benchmark_suite_v8/domain_minmax/geneticengine/seed-5.json,True
borehole,domain_minmax,geneticengine,7,success,benchmark_suite_v8,results/borehole/benchmark_suite_v8/domain_minmax/geneticengine/seed-7.json,True
borehole,domain_minmax,geneticengine,11,success,benchmark_suite_v8,results/borehole/benchmark_suite_v8/domain_minmax/geneticengine/seed-11.json,True
borehole,domain_minmax,geneticengine,13,success,benchmark_suite_v8,results/borehole/benchmark_suite_v8/domain_minmax/geneticengine/seed-13.json,True
borehole,domain_minmax,geneticengine,17,success,benchmark_suite_v8,results/borehole/benchmark_suite_v8/domain_minmax/geneticengine/seed-17.json,True
borehole,domain_minmax,geneticengine,19,success,benchmark_suite_v8,results/borehole/benchmark_suite_v8/domain_minmax/geneticengine/seed-19.json,True
borehole,domain_minmax,geneticengine,23,success,benchmark_suite_v8,results/borehole/benchmark_suite_v8/domain_minmax/geneticengine/seed-23.json,True
borehole,domain_minmax,geneticengine,29,success,benchmark_suite_v8,results/borehole/benchmark_suite_v8/domain_minmax/geneticengine/seed-29.json,True
borehole,domain_minmax,itea,2,success,benchmark_suite_v8,results/borehole/benchmark_suite_v8/domain_minmax/itea/seed-2.json,True
borehole,domain_minmax,itea,3,success,benchmark_suite_v8,results/borehole/benchmark_suite_v8/domain_minmax/itea/seed-3.json,True
borehole,domain_minmax,itea,5,success,benchmark_suite_v8,results/borehole/benchmark_suite_v8/domain_minmax/itea/seed-5.json,True
borehole,domain_minmax,itea,7,success,benchmark_suite_v8,results/borehole/benchmark_suite_v8/domain_minmax/itea/seed-7.json,True
borehole,domain_minmax,itea,11,success,benchmark_suite_v8,results/borehole/benchmark_suite_v8/domain_minmax/itea/seed-11.json,True
borehole,domain_minmax,itea,13,success,benchmark_suite_v8,results/borehole/benchmark_suite_v8/domain_minmax/itea/seed-13.json,True
borehole,domain_minmax,itea,17,success,benchmark_suite_v8,results/borehole/benchmark_suite_v8/domain_minmax/itea/seed-17.json,True
borehole,domain_minmax,itea,19,success,benchmark_suite_v8,results/borehole/benchmark_suite_v8/domain_minmax/itea/seed-19.json,True
borehole,domain_minmax,itea,23,success,benchmark_suite_v8,results/borehole/benchmark_suite_v8/domain_minmax/itea/seed-23.json,True
borehole,domain_minmax,itea,29,success,benchmark_suite_v8,results/borehole/benchmark_suite_v8/domain_minmax/itea/seed-29.json,True
borehole,domain_minmax,eql,2,success,benchmark_suite_v8,results/borehole/benchmark_suite_v8/domain_minmax/eql/seed-2.json,True
borehole,domain_minmax,eql,3,success,benchmark_suite_v8,results/borehole/benchmark_suite_v8/domain_minmax/eql/seed-3.json,True
borehole,domain_minmax,eql,5,success,benchmark_suite_v8,results/borehole/benchmark_suite_v8/domain_minmax/eql/seed-5.json,True
borehole,domain_minmax,eql,7,success,benchmark_suite_v8,results/borehole/benchmark_suite_v8/domain_minmax/eql/seed-7.json,True
borehole,domain_minmax,eql,11,success,benchmark_suite_v8,results/borehole/benchmark_suite_v8/domain_minmax/eql/seed-11.json,True
borehole,domain_minmax,eql,13,success,benchmark_suite_v8,results/borehole/benchmark_suite_v8/domain_minmax/eql/seed-13.json,True
borehole,domain_minmax,eql,17,success,benchmark_suite_v8,results/borehole/benchmark_suite_v8/domain_minmax/eql/seed-17.json,True
borehole,domain_minmax,eql,19,success,benchmark_suite_v8,results/borehole/benchmark_suite_v8/domain_minmax/eql/seed-19.json,True
borehole,domain_minmax,eql,23,success,benchmark_suite_v8,results/borehole/benchmark_suite_v8/domain_minmax/eql/seed-23.json,True
borehole,domain_minmax,eql,29,success,benchmark_suite_v8,results/borehole/benchmark_suite_v8/domain_minmax/eql/seed-29.json,True
piston,raw,gplearn,2,success,benchmark_suite_v8,results/piston/benchmark_suite_v8/raw/gplearn/seed-2.json,True
piston,raw,gplearn,3,success,benchmark_suite_v8,results/piston/benchmark_suite_v8/raw/gplearn/seed-3.json,True
piston,raw,gplearn,5,success,benchmark_suite_v8,results/piston/benchmark_suite_v8/raw/gplearn/seed-5.json,True
piston,raw,gplearn,7,success,benchmark_suite_v8,results/piston/benchmark_suite_v8/raw/gplearn/seed-7.json,True
piston,raw,gplearn,11,success,benchmark_suite_v8,results/piston/benchmark_suite_v8/raw/gplearn/seed-11.json,True
piston,raw,gplearn,13,success,benchmark_suite_v8,results/piston/benchmark_suite_v8/raw/gplearn/seed-13.json,True
piston,raw,gplearn,17,success,benchmark_suite_v8,results/piston/benchmark_suite_v8/raw/gplearn/seed-17.json,True
piston,raw,gplearn,19,success,benchmark_suite_v8,results/piston/benchmark_suite_v8/raw/gplearn/seed-19.json,True
piston,raw,gplearn,23,success,benchmark_suite_v8,results/piston/benchmark_suite_v8/raw/gplearn/seed-23.json,True
piston,raw,gplearn,29,success,benchmark_suite_v8,results/piston/benchmark_suite_v8/raw/gplearn/seed-29.json,True
piston,raw,operon,2,success,benchmark_suite_v8,results/piston/benchmark_suite_v8/raw/operon/seed-2.json,True
piston,raw,operon,3,success,benchmark_suite_v8,results/piston/benchmark_suite_v8/raw/operon/seed-3.json,True
piston,raw,operon,5,success,benchmark_suite_v8,results/piston/benchmark_suite_v8/raw/operon/seed-5.json,True
piston,raw,operon,7,success,benchmark_suite_v8,results/piston/benchmark_suite_v8/raw/operon/seed-7.json,True
piston,raw,operon,11,success,benchmark_suite_v8,results/piston/benchmark_suite_v8/raw/operon/seed-11.json,True
piston,raw,operon,13,success,benchmark_suite_v8,results/piston/benchmark_suite_v8/raw/operon/seed-13.json,True
piston,raw,operon,17,success,benchmark_suite_v8,results/piston/benchmark_suite_v8/raw/operon/seed-17.json,True
piston,raw,operon,19,success,benchmark_suite_v8,results/piston/benchmark_suite_v8/raw/operon/seed-19.json,True
piston,raw,operon,23,success,benchmark_suite_v8,results/piston/benchmark_suite_v8/raw/operon/seed-23.json,True
piston,raw,operon,29,success,benchmark_suite_v8,results/piston/benchmark_suite_v8/raw/operon/seed-29.json,True
piston,raw,pysr,2,success,benchmark_suite_v8,results/piston/benchmark_suite_v8/raw/pysr/seed-2.json,True
piston,raw,pysr,3,success,benchmark_suite_v8,results/piston/benchmark_suite_v8/raw/pysr/seed-3.json,True
piston,raw,pysr,5,success,benchmark_suite_v8,results/piston/benchmark_suite_v8/raw/pysr/seed-5.json,True
piston,raw,pysr,7,success,benchmark_suite_v8,results/piston/benchmark_suite_v8/raw/pysr/seed-7.json,True
piston,raw,pysr,11,success,benchmark_suite_v8,results/piston/benchmark_suite_v8/raw/pysr/seed-11.json,True
piston,raw,pysr,13,success,benchmark_suite_v8,results/piston/benchmark_suite_v8/raw/pysr/seed-13.json,True
piston,raw,pysr,17,success,benchmark_suite_v8,results/piston/benchmark_suite_v8/raw/pysr/seed-17.json,True
piston,raw,pysr,19,success,benchmark_suite_v8,results/piston/benchmark_suite_v8/raw/pysr/seed-19.json,True
piston,raw,pysr,23,success,benchmark_suite_v8,results/piston/benchmark_suite_v8/raw/pysr/seed-23.json,True
piston,raw,pysr,29,success,benchmark_suite_v8,results/piston/benchmark_suite_v8/raw/pysr/seed-29.json,True
piston,raw,geneticengine,2,success,benchmark_suite_v8,results/piston/benchmark_suite_v8/raw/geneticengine/seed-2.json,True
piston,raw,geneticengine,3,success,benchmark_suite_v8,results/piston/benchmark_suite_v8/raw/geneticengine/seed-3.json,True
piston,raw,geneticengine,5,success,benchmark_suite_v8,results/piston/benchmark_suite_v8/raw/geneticengine/seed-5.json,True
piston,raw,geneticengine,7,success,benchmark_suite_v8,results/piston/benchmark_suite_v8/raw/geneticengine/seed-7.json,True
piston,raw,geneticengine,11,success,benchmark_suite_v8,results/piston/benchmark_suite_v8/raw/geneticengine/seed-11.json,True
piston,raw,geneticengine,13,success,benchmark_suite_v8,results/piston/benchmark_suite_v8/raw/geneticengine/seed-13.json,True
piston,raw,geneticengine,17,success,benchmark_suite_v8,results/piston/benchmark_suite_v8/raw/geneticengine/seed-17.json,True
piston,raw,geneticengine,19,success,benchmark_suite_v8,results/piston/benchmark_suite_v8/raw/geneticengine/seed-19.json,True
piston,raw,geneticengine,23,success,benchmark_suite_v8,results/piston/benchmark_suite_v8/raw/geneticengine/seed-23.json,True
piston,raw,geneticengine,29,success,benchmark_suite_v8,results/piston/benchmark_suite_v8/raw/geneticengine/seed-29.json,True
piston,raw,itea,2,success,benchmark_suite_v8,results/piston/benchmark_suite_v8/raw/itea/seed-2.json,True
piston,raw,itea,3,success,benchmark_suite_v8,results/piston/benchmark_suite_v8/raw/itea/seed-3.json,True
piston,raw,itea,5,success,benchmark_suite_v8,results/piston/benchmark_suite_v8/raw/itea/seed-5.json,True
piston,raw,itea,7,success,benchmark_suite_v8,results/piston/benchmark_suite_v8/raw/itea/seed-7.json,True
piston,raw,itea,11,success,benchmark_suite_v8,results/piston/benchmark_suite_v8/raw/itea/seed-11.json,True
piston,raw,itea,13,success,benchmark_suite_v8,results/piston/benchmark_suite_v8/raw/itea/seed-13.json,True
piston,raw,itea,17,success,benchmark_suite_v8,results/piston/benchmark_suite_v8/raw/itea/seed-17.json,True
piston,raw,itea,19,success,benchmark_suite_v8,results/piston/benchmark_suite_v8/raw/itea/seed-19.json,True
piston,raw,itea,23,success,benchmark_suite_v8,results/piston/benchmark_suite_v8/raw/itea/seed-23.json,True
piston,raw,itea,29,success,benchmark_suite_v8,results/piston/benchmark_suite_v8/raw/itea/seed-29.json,True
piston,raw,eql,2,success,benchmark_suite_v8,results/piston/benchmark_suite_v8/raw/eql/seed-2.json,True
piston,raw,eql,3,success,benchmark_suite_v8,results/piston/benchmark_suite_v8/raw/eql/seed-3.json,True
piston,raw,eql,5,success,benchmark_suite_v8,results/piston/benchmark_suite_v8/raw/eql/seed-5.json,True
piston,raw,eql,7,success,benchmark_suite_v8,results/piston/benchmark_suite_v8/raw/eql/seed-7.json,True
piston,raw,eql,11,success,benchmark_suite_v8,results/piston/benchmark_suite_v8/raw/eql/seed-11.json,True
piston,raw,eql,13,success,benchmark_suite_v8,results/piston/benchmark_suite_v8/raw/eql/seed-13.json,True
piston,raw,eql,17,success,benchmark_suite_v8,results/piston/benchmark_suite_v8/raw/eql/seed-17.json,True
piston,raw,eql,19,success,benchmark_suite_v8,results/piston/benchmark_suite_v8/raw/eql/seed-19.json,True
piston,raw,eql,23,success,benchmark_suite_v8,results/piston/benchmark_suite_v8/raw/eql/seed-23.json,True
piston,raw,eql,29,success,benchmark_suite_v8,results/piston/benchmark_suite_v8/raw/eql/seed-29.json,True
piston,domain_minmax,gplearn,2,success,benchmark_suite_v8,results/piston/benchmark_suite_v8/domain_minmax/gplearn/seed-2.json,True
piston,domain_minmax,gplearn,3,success,benchmark_suite_v8,results/piston/benchmark_suite_v8/domain_minmax/gplearn/seed-3.json,True
piston,domain_minmax,gplearn,5,success,benchmark_suite_v8,results/piston/benchmark_suite_v8/domain_minmax/gplearn/seed-5.json,True
piston,domain_minmax,gplearn,7,success,benchmark_suite_v8,results/piston/benchmark_suite_v8/domain_minmax/gplearn/seed-7.json,True
piston,domain_minmax,gplearn,11,success,benchmark_suite_v8,results/piston/benchmark_suite_v8/domain_minmax/gplearn/seed-11.json,True
piston,domain_minmax,gplearn,13,success,benchmark_suite_v8,results/piston/benchmark_suite_v8/domain_minmax/gplearn/seed-13.json,True
piston,domain_minmax,gplearn,17,success,benchmark_suite_v8,results/piston/benchmark_suite_v8/domain_minmax/gplearn/seed-17.json,True
piston,domain_minmax,gplearn,19,success,benchmark_suite_v8,results/piston/benchmark_suite_v8/domain_minmax/gplearn/seed-19.json,True
piston,domain_minmax,gplearn,23,success,benchmark_suite_v8,results/piston/benchmark_suite_v8/domain_minmax/gplearn/seed-23.json,True
piston,domain_minmax,gplearn,29,success,benchmark_suite_v8,results/piston/benchmark_suite_v8/domain_minmax/gplearn/seed-29.json,True
piston,domain_minmax,operon,2,success,benchmark_suite_v8,results/piston/benchmark_suite_v8/domain_minmax/operon/seed-2.json,True
piston,domain_minmax,operon,3,success,benchmark_suite_v8,results/piston/benchmark_suite_v8/domain_minmax/operon/seed-3.json,True
piston,domain_minmax,operon,5,success,benchmark_suite_v8,results/piston/benchmark_suite_v8/domain_minmax/operon/seed-5.json,True
piston,domain_minmax,operon,7,success,benchmark_suite_v8,results/piston/benchmark_suite_v8/domain_minmax/operon/seed-7.json,True
piston,domain_minmax,operon,11,success,benchmark_suite_v8,results/piston/benchmark_suite_v8/domain_minmax/operon/seed-11.json,True
piston,domain_minmax,operon,13,success,benchmark_suite_v8,results/piston/benchmark_suite_v8/domain_minmax/operon/seed-13.json,True
piston,domain_minmax,operon,17,success,benchmark_suite_v8,results/piston/benchmark_suite_v8/domain_minmax/operon/seed-17.json,True
piston,domain_minmax,operon,19,success,benchmark_suite_v8,results/piston/benchmark_suite_v8/domain_minmax/operon/seed-19.json,True
piston,domain_minmax,operon,23,success,benchmark_suite_v8,results/piston/benchmark_suite_v8/domain_minmax/operon/seed-23.json,True
piston,domain_minmax,operon,29,success,benchmark_suite_v8,results/piston/benchmark_suite_v8/domain_minmax/operon/seed-29.json,True
piston,domain_minmax,pysr,2,success,benchmark_suite_v8,results/piston/benchmark_suite_v8/domain_minmax/pysr/seed-2.json,True
piston,domain_minmax,pysr,3,success,benchmark_suite_v8,results/piston/benchmark_suite_v8/domain_minmax/pysr/seed-3.json,True
piston,domain_minmax,pysr,5,success,benchmark_suite_v8,results/piston/benchmark_suite_v8/domain_minmax/pysr/seed-5.json,True
piston,domain_minmax,pysr,7,success,benchmark_suite_v8,results/piston/benchmark_suite_v8/domain_minmax/pysr/seed-7.json,True
piston,domain_minmax,pysr,11,success,benchmark_suite_v8,results/piston/benchmark_suite_v8/domain_minmax/pysr/seed-11.json,True
piston,domain_minmax,pysr,13,success,benchmark_suite_v8,results/piston/benchmark_suite_v8/domain_minmax/pysr/seed-13.json,True
piston,domain_minmax,pysr,17,success,benchmark_suite_v8,results/piston/benchmark_suite_v8/domain_minmax/pysr/seed-17.json,True
piston,domain_minmax,pysr,19,success,benchmark_suite_v8,results/piston/benchmark_suite_v8/domain_minmax/pysr/seed-19.json,True
piston,domain_minmax,pysr,23,success,benchmark_suite_v8,results/piston/benchmark_suite_v8/domain_minmax/pysr/seed-23.json,True
piston,domain_minmax,pysr,29,success,benchmark_suite_v8,results/piston/benchmark_suite_v8/domain_minmax/pysr/seed-29.json,True
piston,domain_minmax,geneticengine,2,success,benchmark_suite_v8,results/piston/benchmark_suite_v8/domain_minmax/geneticengine/seed-2.json,True
piston,domain_minmax,geneticengine,3,success,benchmark_suite_v8,results/piston/benchmark_suite_v8/domain_minmax/geneticengine/seed-3.json,True
piston,domain_minmax,geneticengine,5,success,benchmark_suite_v8,results/piston/benchmark_suite_v8/domain_minmax/geneticengine/seed-5.json,True
piston,domain_minmax,geneticengine,7,success,benchmark_suite_v8,results/piston/benchmark_suite_v8/domain_minmax/geneticengine/seed-7.json,True
piston,domain_minmax,geneticengine,11,success,benchmark_suite_v8,results/piston/benchmark_suite_v8/domain_minmax/geneticengine/seed-11.json,True
piston,domain_minmax,geneticengine,13,success,benchmark_suite_v8,results/piston/benchmark_suite_v8/domain_minmax/geneticengine/seed-13.json,True
piston,domain_minmax,geneticengine,17,success,benchmark_suite_v8,results/piston/benchmark_suite_v8/domain_minmax/geneticengine/seed-17.json,True
piston,domain_minmax,geneticengine,19,success,benchmark_suite_v8,results/piston/benchmark_suite_v8/domain_minmax/geneticengine/seed-19.json,True
piston,domain_minmax,geneticengine,23,success,benchmark_suite_v8,results/piston/benchmark_suite_v8/domain_minmax/geneticengine/seed-23.json,True
piston,domain_minmax,geneticengine,29,success,benchmark_suite_v8,results/piston/benchmark_suite_v8/domain_minmax/geneticengine/seed-29.json,True
piston,domain_minmax,itea,2,success,benchmark_suite_v8,results/piston/benchmark_suite_v8/domain_minmax/itea/seed-2.json,True
piston,domain_minmax,itea,3,success,benchmark_suite_v8,results/piston/benchmark_suite_v8/domain_minmax/itea/seed-3.json,True
piston,domain_minmax,itea,5,success,benchmark_suite_v8,results/piston/benchmark_suite_v8/domain_minmax/itea/seed-5.json,True
piston,domain_minmax,itea,7,success,benchmark_suite_v8,results/piston/benchmark_suite_v8/domain_minmax/itea/seed-7.json,True
piston,domain_minmax,itea,11,success,benchmark_suite_v8,results/piston/benchmark_suite_v8/domain_minmax/itea/seed-11.json,True
piston,domain_minmax,itea,13,success,benchmark_suite_v8,results/piston/benchmark_suite_v8/domain_minmax/itea/seed-13.json,True
piston,domain_minmax,itea,17,success,benchmark_suite_v8,results/piston/benchmark_suite_v8/domain_minmax/itea/seed-17.json,True
piston,domain_minmax,itea,19,success,benchmark_suite_v8,results/piston/benchmark_suite_v8/domain_minmax/itea/seed-19.json,True
piston,domain_minmax,itea,23,success,benchmark_suite_v8,results/piston/benchmark_suite_v8/domain_minmax/itea/seed-23.json,True
piston,domain_minmax,itea,29,success,benchmark_suite_v8,results/piston/benchmark_suite_v8/domain_minmax/itea/seed-29.json,True
piston,domain_minmax,eql,2,success,benchmark_suite_v8,results/piston/benchmark_suite_v8/domain_minmax/eql/seed-2.json,True
piston,domain_minmax,eql,3,success,benchmark_suite_v8,results/piston/benchmark_suite_v8/domain_minmax/eql/seed-3.json,True
piston,domain_minmax,eql,5,success,benchmark_suite_v8,results/piston/benchmark_suite_v8/domain_minmax/eql/seed-5.json,True
piston,domain_minmax,eql,7,success,benchmark_suite_v8,results/piston/benchmark_suite_v8/domain_minmax/eql/seed-7.json,True
piston,domain_minmax,eql,11,success,benchmark_suite_v8,results/piston/benchmark_suite_v8/domain_minmax/eql/seed-11.json,True
piston,domain_minmax,eql,13,success,benchmark_suite_v8,results/piston/benchmark_suite_v8/domain_minmax/eql/seed-13.json,True
piston,domain_minmax,eql,17,success,benchmark_suite_v8,results/piston/benchmark_suite_v8/domain_minmax/eql/seed-17.json,True
piston,domain_minmax,eql,19,success,benchmark_suite_v8,results/piston/benchmark_suite_v8/domain_minmax/eql/seed-19.json,True
piston,domain_minmax,eql,23,success,benchmark_suite_v8,results/piston/benchmark_suite_v8/domain_minmax/eql/seed-23.json,True
piston,domain_minmax,eql,29,success,benchmark_suite_v8,results/piston/benchmark_suite_v8/domain_minmax/eql/seed-29.json,True
ccpp,raw,gplearn,2,success,benchmark_suite_v8,results/ccpp/benchmark_suite_v8/raw/gplearn/seed-2.json,True
ccpp,raw,gplearn,3,success,benchmark_suite_v8,results/ccpp/benchmark_suite_v8/raw/gplearn/seed-3.json,True
ccpp,raw,gplearn,5,success,benchmark_suite_v8,results/ccpp/benchmark_suite_v8/raw/gplearn/seed-5.json,True
ccpp,raw,gplearn,7,success,benchmark_suite_v8,results/ccpp/benchmark_suite_v8/raw/gplearn/seed-7.json,True
ccpp,raw,gplearn,11,success,benchmark_suite_v8,results/ccpp/benchmark_suite_v8/raw/gplearn/seed-11.json,True
ccpp,raw,gplearn,13,success,benchmark_suite_v8,results/ccpp/benchmark_suite_v8/raw/gplearn/seed-13.json,True
ccpp,raw,gplearn,17,success,benchmark_suite_v8,results/ccpp/benchmark_suite_v8/raw/gplearn/seed-17.json,True
ccpp,raw,gplearn,19,success,benchmark_suite_v8,results/ccpp/benchmark_suite_v8/raw/gplearn/seed-19.json,True
ccpp,raw,gplearn,23,success,benchmark_suite_v8,results/ccpp/benchmark_suite_v8/raw/gplearn/seed-23.json,True
ccpp,raw,gplearn,29,success,benchmark_suite_v8,results/ccpp/benchmark_suite_v8/raw/gplearn/seed-29.json,True
ccpp,raw,operon,2,success,benchmark_suite_v8,results/ccpp/benchmark_suite_v8/raw/operon/seed-2.json,True
ccpp,raw,operon,3,success,benchmark_suite_v8,results/ccpp/benchmark_suite_v8/raw/operon/seed-3.json,True
ccpp,raw,operon,5,success,benchmark_suite_v8,results/ccpp/benchmark_suite_v8/raw/operon/seed-5.json,True
ccpp,raw,operon,7,success,benchmark_suite_v8,results/ccpp/benchmark_suite_v8/raw/operon/seed-7.json,True
ccpp,raw,operon,11,success,benchmark_suite_v8,results/ccpp/benchmark_suite_v8/raw/operon/seed-11.json,True
ccpp,raw,operon,13,success,benchmark_suite_v8,results/ccpp/benchmark_suite_v8/raw/operon/seed-13.json,True
ccpp,raw,operon,17,success,benchmark_suite_v8,results/ccpp/benchmark_suite_v8/raw/operon/seed-17.json,True
ccpp,raw,operon,19,success,benchmark_suite_v8,results/ccpp/benchmark_suite_v8/raw/operon/seed-19.json,True
ccpp,raw,operon,23,success,benchmark_suite_v8,results/ccpp/benchmark_suite_v8/raw/operon/seed-23.json,True
ccpp,raw,operon,29,success,benchmark_suite_v8,results/ccpp/benchmark_suite_v8/raw/operon/seed-29.json,True
ccpp,raw,pysr,2,success,benchmark_suite_v8,results/ccpp/benchmark_suite_v8/raw/pysr/seed-2.json,True
ccpp,raw,pysr,3,success,benchmark_suite_v8,results/ccpp/benchmark_suite_v8/raw/pysr/seed-3.json,True
ccpp,raw,pysr,5,success,benchmark_suite_v8,results/ccpp/benchmark_suite_v8/raw/pysr/seed-5.json,True
ccpp,raw,pysr,7,success,benchmark_suite_v8,results/ccpp/benchmark_suite_v8/raw/pysr/seed-7.json,True
ccpp,raw,pysr,11,success,benchmark_suite_v8,results/ccpp/benchmark_suite_v8/raw/pysr/seed-11.json,True
ccpp,raw,pysr,13,success,benchmark_suite_v8,results/ccpp/benchmark_suite_v8/raw/pysr/seed-13.json,True
ccpp,raw,pysr,17,success,benchmark_suite_v8,results/ccpp/benchmark_suite_v8/raw/pysr/seed-17.json,True
ccpp,raw,pysr,19,success,benchmark_suite_v8,results/ccpp/benchmark_suite_v8/raw/pysr/seed-19.json,True
ccpp,raw,pysr,23,success,benchmark_suite_v8,results/ccpp/benchmark_suite_v8/raw/pysr/seed-23.json,True
ccpp,raw,pysr,29,success,benchmark_suite_v8,results/ccpp/benchmark_suite_v8/raw/pysr/seed-29.json,True
ccpp,raw,geneticengine,2,success,benchmark_suite_v8,results/ccpp/benchmark_suite_v8/raw/geneticengine/seed-2.json,True
ccpp,raw,geneticengine,3,success,benchmark_suite_v8,results/ccpp/benchmark_suite_v8/raw/geneticengine/seed-3.json,True
ccpp,raw,geneticengine,5,success,benchmark_suite_v8,results/ccpp/benchmark_suite_v8/raw/geneticengine/seed-5.json,True
ccpp,raw,geneticengine,7,success,benchmark_suite_v8,results/ccpp/benchmark_suite_v8/raw/geneticengine/seed-7.json,True
ccpp,raw,geneticengine,11,success,benchmark_suite_v8,results/ccpp/benchmark_suite_v8/raw/geneticengine/seed-11.json,True
ccpp,raw,geneticengine,13,success,benchmark_suite_v8,results/ccpp/benchmark_suite_v8/raw/geneticengine/seed-13.json,True
ccpp,raw,geneticengine,17,success,benchmark_suite_v8,results/ccpp/benchmark_suite_v8/raw/geneticengine/seed-17.json,True
ccpp,raw,geneticengine,19,success,benchmark_suite_v8,results/ccpp/benchmark_suite_v8/raw/geneticengine/seed-19.json,True
ccpp,raw,geneticengine,23,success,benchmark_suite_v8,results/ccpp/benchmark_suite_v8/raw/geneticengine/seed-23.json,True
ccpp,raw,geneticengine,29,success,benchmark_suite_v8,results/ccpp/benchmark_suite_v8/raw/geneticengine/seed-29.json,True
ccpp,raw,itea,2,success,benchmark_suite_v8,results/ccpp/benchmark_suite_v8/raw/itea/seed-2.json,True
ccpp,raw,itea,3,success,benchmark_suite_v8,results/ccpp/benchmark_suite_v8/raw/itea/seed-3.json,True
ccpp,raw,itea,5,success,benchmark_suite_v8,results/ccpp/benchmark_suite_v8/raw/itea/seed-5.json,True
ccpp,raw,itea,7,success,benchmark_suite_v8,results/ccpp/benchmark_suite_v8/raw/itea/seed-7.json,True
ccpp,raw,itea,11,success,benchmark_suite_v8,results/ccpp/benchmark_suite_v8/raw/itea/seed-11.json,True
ccpp,raw,itea,13,success,benchmark_suite_v8,results/ccpp/benchmark_suite_v8/raw/itea/seed-13.json,True
ccpp,raw,itea,17,success,benchmark_suite_v8,results/ccpp/benchmark_suite_v8/raw/itea/seed-17.json,True
ccpp,raw,itea,19,success,benchmark_suite_v8,results/ccpp/benchmark_suite_v8/raw/itea/seed-19.json,True
ccpp,raw,itea,23,success,benchmark_suite_v8,results/ccpp/benchmark_suite_v8/raw/itea/seed-23.json,True
ccpp,raw,itea,29,success,benchmark_suite_v8,results/ccpp/benchmark_suite_v8/raw/itea/seed-29.json,True
ccpp,raw,eql,2,success,benchmark_suite_v8,results/ccpp/benchmark_suite_v8/raw/eql/seed-2.json,True
ccpp,raw,eql,3,success,benchmark_suite_v8,results/ccpp/benchmark_suite_v8/raw/eql/seed-3.json,True
ccpp,raw,eql,5,success,benchmark_suite_v8,results/ccpp/benchmark_suite_v8/raw/eql/seed-5.json,True
ccpp,raw,eql,7,success,benchmark_suite_v8,results/ccpp/benchmark_suite_v8/raw/eql/seed-7.json,True
ccpp,raw,eql,11,success,benchmark_suite_v8,results/ccpp/benchmark_suite_v8/raw/eql/seed-11.json,True
ccpp,raw,eql,13,success,benchmark_suite_v8,results/ccpp/benchmark_suite_v8/raw/eql/seed-13.json,True
ccpp,raw,eql,17,success,benchmark_suite_v8,results/ccpp/benchmark_suite_v8/raw/eql/seed-17.json,True
ccpp,raw,eql,19,success,benchmark_suite_v8,results/ccpp/benchmark_suite_v8/raw/eql/seed-19.json,True
ccpp,raw,eql,23,success,benchmark_suite_v8,results/ccpp/benchmark_suite_v8/raw/eql/seed-23.json,True
ccpp,raw,eql,29,success,benchmark_suite_v8,results/ccpp/benchmark_suite_v8/raw/eql/seed-29.json,True
ccpp,domain_minmax,gplearn,2,success,benchmark_suite_v8,results/ccpp/benchmark_suite_v8/domain_minmax/gplearn/seed-2.json,True
ccpp,domain_minmax,gplearn,3,success,benchmark_suite_v8,results/ccpp/benchmark_suite_v8/domain_minmax/gplearn/seed-3.json,True
ccpp,domain_minmax,gplearn,5,success,benchmark_suite_v8,results/ccpp/benchmark_suite_v8/domain_minmax/gplearn/seed-5.json,True
ccpp,domain_minmax,gplearn,7,success,benchmark_suite_v8,results/ccpp/benchmark_suite_v8/domain_minmax/gplearn/seed-7.json,True
ccpp,domain_minmax,gplearn,11,success,benchmark_suite_v8,results/ccpp/benchmark_suite_v8/domain_minmax/gplearn/seed-11.json,True
ccpp,domain_minmax,gplearn,13,success,benchmark_suite_v8,results/ccpp/benchmark_suite_v8/domain_minmax/gplearn/seed-13.json,True
ccpp,domain_minmax,gplearn,17,success,benchmark_suite_v8,results/ccpp/benchmark_suite_v8/domain_minmax/gplearn/seed-17.json,True
ccpp,domain_minmax,gplearn,19,success,benchmark_suite_v8,results/ccpp/benchmark_suite_v8/domain_minmax/gplearn/seed-19.json,True
ccpp,domain_minmax,gplearn,23,success,benchmark_suite_v8,results/ccpp/benchmark_suite_v8/domain_minmax/gplearn/seed-23.json,True
ccpp,domain_minmax,gplearn,29,success,benchmark_suite_v8,results/ccpp/benchmark_suite_v8/domain_minmax/gplearn/seed-29.json,True
ccpp,domain_minmax,operon,2,success,benchmark_suite_v8,results/ccpp/benchmark_suite_v8/domain_minmax/operon/seed-2.json,True
ccpp,domain_minmax,operon,3,success,benchmark_suite_v8,results/ccpp/benchmark_suite_v8/domain_minmax/operon/seed-3.json,True
ccpp,domain_minmax,operon,5,success,benchmark_suite_v8,results/ccpp/benchmark_suite_v8/domain_minmax/operon/seed-5.json,True
ccpp,domain_minmax,operon,7,failed,benchmark_suite_v8,results/ccpp/benchmark_suite_v8/domain_minmax/failures/operon/seed-7.json,False
ccpp,domain_minmax,operon,11,success,benchmark_suite_v8,results/ccpp/benchmark_suite_v8/domain_minmax/operon/seed-11.json,True
ccpp,domain_minmax,operon,13,success,benchmark_suite_v8,results/ccpp/benchmark_suite_v8/domain_minmax/operon/seed-13.json,True
ccpp,domain_minmax,operon,17,success,benchmark_suite_v8,results/ccpp/benchmark_suite_v8/domain_minmax/operon/seed-17.json,True
ccpp,domain_minmax,operon,19,success,benchmark_suite_v8,results/ccpp/benchmark_suite_v8/domain_minmax/operon/seed-19.json,True
ccpp,domain_minmax,operon,23,success,benchmark_suite_v8,results/ccpp/benchmark_suite_v8/domain_minmax/operon/seed-23.json,True
ccpp,domain_minmax,operon,29,success,benchmark_suite_v8,results/ccpp/benchmark_suite_v8/domain_minmax/operon/seed-29.json,True
ccpp,domain_minmax,pysr,2,success,benchmark_suite_v8,results/ccpp/benchmark_suite_v8/domain_minmax/pysr/seed-2.json,True
ccpp,domain_minmax,pysr,3,success,benchmark_suite_v8,results/ccpp/benchmark_suite_v8/domain_minmax/pysr/seed-3.json,True
ccpp,domain_minmax,pysr,5,success,benchmark_suite_v8,results/ccpp/benchmark_suite_v8/domain_minmax/pysr/seed-5.json,True
ccpp,domain_minmax,pysr,7,success,benchmark_suite_v8,results/ccpp/benchmark_suite_v8/domain_minmax/pysr/seed-7.json,True
ccpp,domain_minmax,pysr,11,success,benchmark_suite_v8,results/ccpp/benchmark_suite_v8/domain_minmax/pysr/seed-11.json,True
ccpp,domain_minmax,pysr,13,success,benchmark_suite_v8,results/ccpp/benchmark_suite_v8/domain_minmax/pysr/seed-13.json,True
ccpp,domain_minmax,pysr,17,success,benchmark_suite_v8,results/ccpp/benchmark_suite_v8/domain_minmax/pysr/seed-17.json,True
ccpp,domain_minmax,pysr,19,success,benchmark_suite_v8,results/ccpp/benchmark_suite_v8/domain_minmax/pysr/seed-19.json,True
ccpp,domain_minmax,pysr,23,success,benchmark_suite_v8,results/ccpp/benchmark_suite_v8/domain_minmax/pysr/seed-23.json,True
ccpp,domain_minmax,pysr,29,success,benchmark_suite_v8,results/ccpp/benchmark_suite_v8/domain_minmax/pysr/seed-29.json,True
ccpp,domain_minmax,geneticengine,2,success,benchmark_suite_v8,results/ccpp/benchmark_suite_v8/domain_minmax/geneticengine/seed-2.json,True
ccpp,domain_minmax,geneticengine,3,success,benchmark_suite_v8,results/ccpp/benchmark_suite_v8/domain_minmax/geneticengine/seed-3.json,True
ccpp,domain_minmax,geneticengine,5,success,benchmark_suite_v8,results/ccpp/benchmark_suite_v8/domain_minmax/geneticengine/seed-5.json,True
ccpp,domain_minmax,geneticengine,7,success,benchmark_suite_v8,results/ccpp/benchmark_suite_v8/domain_minmax/geneticengine/seed-7.json,True
ccpp,domain_minmax,geneticengine,11,success,benchmark_suite_v8,results/ccpp/benchmark_suite_v8/domain_minmax/geneticengine/seed-11.json,True
ccpp,domain_minmax,geneticengine,13,success,benchmark_suite_v8,results/ccpp/benchmark_suite_v8/domain_minmax/geneticengine/seed-13.json,True
ccpp,domain_minmax,geneticengine,17,success,benchmark_suite_v8,results/ccpp/benchmark_suite_v8/domain_minmax/geneticengine/seed-17.json,True
ccpp,domain_minmax,geneticengine,19,success,benchmark_suite_v8,results/ccpp/benchmark_suite_v8/domain_minmax/geneticengine/seed-19.json,True
ccpp,domain_minmax,geneticengine,23,success,benchmark_suite_v8,results/ccpp/benchmark_suite_v8/domain_minmax/geneticengine/seed-23.json,True
ccpp,domain_minmax,geneticengine,29,success,benchmark_suite_v8,results/ccpp/benchmark_suite_v8/domain_minmax/geneticengine/seed-29.json,True
ccpp,domain_minmax,itea,2,success,benchmark_suite_v8,results/ccpp/benchmark_suite_v8/domain_minmax/itea/seed-2.json,True
ccpp,domain_minmax,itea,3,success,benchmark_suite_v8,results/ccpp/benchmark_suite_v8/domain_minmax/itea/seed-3.json,True
ccpp,domain_minmax,itea,5,success,benchmark_suite_v8,results/ccpp/benchmark_suite_v8/domain_minmax/itea/seed-5.json,True
ccpp,domain_minmax,itea,7,success,benchmark_suite_v8,results/ccpp/benchmark_suite_v8/domain_minmax/itea/seed-7.json,True
ccpp,domain_minmax,itea,11,success,benchmark_suite_v8,results/ccpp/benchmark_suite_v8/domain_minmax/itea/seed-11.json,True
ccpp,domain_minmax,itea,13,success,benchmark_suite_v8,results/ccpp/benchmark_suite_v8/domain_minmax/itea/seed-13.json,True
ccpp,domain_minmax,itea,17,success,benchmark_suite_v8,results/ccpp/benchmark_suite_v8/domain_minmax/itea/seed-17.json,True
ccpp,domain_minmax,itea,19,success,benchmark_suite_v8,results/ccpp/benchmark_suite_v8/domain_minmax/itea/seed-19.json,True
ccpp,domain_minmax,itea,23,success,benchmark_suite_v8,results/ccpp/benchmark_suite_v8/domain_minmax/itea/seed-23.json,True
ccpp,domain_minmax,itea,29,success,benchmark_suite_v8,results/ccpp/benchmark_suite_v8/domain_minmax/itea/seed-29.json,True
ccpp,domain_minmax,eql,2,success,benchmark_suite_v8,results/ccpp/benchmark_suite_v8/domain_minmax/eql/seed-2.json,True
ccpp,domain_minmax,eql,3,success,benchmark_suite_v8,results/ccpp/benchmark_suite_v8/domain_minmax/eql/seed-3.json,True
ccpp,domain_minmax,eql,5,success,benchmark_suite_v8,results/ccpp/benchmark_suite_v8/domain_minmax/eql/seed-5.json,True
ccpp,domain_minmax,eql,7,success,benchmark_suite_v8,results/ccpp/benchmark_suite_v8/domain_minmax/eql/seed-7.json,True
ccpp,domain_minmax,eql,11,success,benchmark_suite_v8,results/ccpp/benchmark_suite_v8/domain_minmax/eql/seed-11.json,True
ccpp,domain_minmax,eql,13,success,benchmark_suite_v8,results/ccpp/benchmark_suite_v8/domain_minmax/eql/seed-13.json,True
ccpp,domain_minmax,eql,17,success,benchmark_suite_v8,results/ccpp/benchmark_suite_v8/domain_minmax/eql/seed-17.json,True
ccpp,domain_minmax,eql,19,success,benchmark_suite_v8,results/ccpp/benchmark_suite_v8/domain_minmax/eql/seed-19.json,True
ccpp,domain_minmax,eql,23,success,benchmark_suite_v8,results/ccpp/benchmark_suite_v8/domain_minmax/eql/seed-23.json,True
ccpp,domain_minmax,eql,29,success,benchmark_suite_v8,results/ccpp/benchmark_suite_v8/domain_minmax/eql/seed-29.json,True
naval_propulsion,raw,gplearn,2,success,benchmark_suite_v8,results/naval_propulsion/benchmark_suite_v8/raw/gplearn/seed-2.json,True
naval_propulsion,raw,gplearn,3,success,benchmark_suite_v8,results/naval_propulsion/benchmark_suite_v8/raw/gplearn/seed-3.json,True
naval_propulsion,raw,gplearn,5,success,benchmark_suite_v8,results/naval_propulsion/benchmark_suite_v8/raw/gplearn/seed-5.json,True
naval_propulsion,raw,gplearn,7,success,benchmark_suite_v8,results/naval_propulsion/benchmark_suite_v8/raw/gplearn/seed-7.json,True
naval_propulsion,raw,gplearn,11,success,benchmark_suite_v8,results/naval_propulsion/benchmark_suite_v8/raw/gplearn/seed-11.json,True
naval_propulsion,raw,gplearn,13,success,benchmark_suite_v8,results/naval_propulsion/benchmark_suite_v8/raw/gplearn/seed-13.json,True
naval_propulsion,raw,gplearn,17,success,benchmark_suite_v8,results/naval_propulsion/benchmark_suite_v8/raw/gplearn/seed-17.json,True
naval_propulsion,raw,gplearn,19,success,benchmark_suite_v8,results/naval_propulsion/benchmark_suite_v8/raw/gplearn/seed-19.json,True
naval_propulsion,raw,gplearn,23,success,benchmark_suite_v8,results/naval_propulsion/benchmark_suite_v8/raw/gplearn/seed-23.json,True
naval_propulsion,raw,gplearn,29,success,benchmark_suite_v8,results/naval_propulsion/benchmark_suite_v8/raw/gplearn/seed-29.json,True
naval_propulsion,raw,operon,2,success,benchmark_suite_v8,results/naval_propulsion/benchmark_suite_v8/raw/operon/seed-2.json,True
naval_propulsion,raw,operon,3,success,benchmark_suite_v8,results/naval_propulsion/benchmark_suite_v8/raw/operon/seed-3.json,True
naval_propulsion,raw,operon,5,success,benchmark_suite_v8,results/naval_propulsion/benchmark_suite_v8/raw/operon/seed-5.json,True
naval_propulsion,raw,operon,7,success,benchmark_suite_v8,results/naval_propulsion/benchmark_suite_v8/raw/operon/seed-7.json,True
naval_propulsion,raw,operon,11,success,benchmark_suite_v8,results/naval_propulsion/benchmark_suite_v8/raw/operon/seed-11.json,True
naval_propulsion,raw,operon,13,success,benchmark_suite_v8,results/naval_propulsion/benchmark_suite_v8/raw/operon/seed-13.json,True
naval_propulsion,raw,operon,17,success,benchmark_suite_v8,results/naval_propulsion/benchmark_suite_v8/raw/operon/seed-17.json,True
naval_propulsion,raw,operon,19,success,benchmark_suite_v8,results/naval_propulsion/benchmark_suite_v8/raw/operon/seed-19.json,True
naval_propulsion,raw,operon,23,success,benchmark_suite_v8,results/naval_propulsion/benchmark_suite_v8/raw/operon/seed-23.json,True
naval_propulsion,raw,operon,29,success,benchmark_suite_v8,results/naval_propulsion/benchmark_suite_v8/raw/operon/seed-29.json,True
naval_propulsion,raw,pysr,2,success,benchmark_suite_v8,results/naval_propulsion/benchmark_suite_v8/raw/pysr/seed-2.json,True
naval_propulsion,raw,pysr,3,success,benchmark_suite_v8,results/naval_propulsion/benchmark_suite_v8/raw/pysr/seed-3.json,True
naval_propulsion,raw,pysr,5,success,benchmark_suite_v8,results/naval_propulsion/benchmark_suite_v8/raw/pysr/seed-5.json,True
naval_propulsion,raw,pysr,7,success,benchmark_suite_v8,results/naval_propulsion/benchmark_suite_v8/raw/pysr/seed-7.json,True
naval_propulsion,raw,pysr,11,success,benchmark_suite_v8,results/naval_propulsion/benchmark_suite_v8/raw/pysr/seed-11.json,True
naval_propulsion,raw,pysr,13,success,benchmark_suite_v8,results/naval_propulsion/benchmark_suite_v8/raw/pysr/seed-13.json,True
naval_propulsion,raw,pysr,17,success,benchmark_suite_v8,results/naval_propulsion/benchmark_suite_v8/raw/pysr/seed-17.json,True
naval_propulsion,raw,pysr,19,success,benchmark_suite_v8,results/naval_propulsion/benchmark_suite_v8/raw/pysr/seed-19.json,True
naval_propulsion,raw,pysr,23,success,benchmark_suite_v8,results/naval_propulsion/benchmark_suite_v8/raw/pysr/seed-23.json,True
naval_propulsion,raw,pysr,29,success,benchmark_suite_v8,results/naval_propulsion/benchmark_suite_v8/raw/pysr/seed-29.json,True
naval_propulsion,raw,geneticengine,2,success,benchmark_suite_v8,results/naval_propulsion/benchmark_suite_v8/raw/geneticengine/seed-2.json,True
naval_propulsion,raw,geneticengine,3,success,benchmark_suite_v8,results/naval_propulsion/benchmark_suite_v8/raw/geneticengine/seed-3.json,True
naval_propulsion,raw,geneticengine,5,success,benchmark_suite_v8,results/naval_propulsion/benchmark_suite_v8/raw/geneticengine/seed-5.json,True
naval_propulsion,raw,geneticengine,7,success,benchmark_suite_v8,results/naval_propulsion/benchmark_suite_v8/raw/geneticengine/seed-7.json,True
naval_propulsion,raw,geneticengine,11,success,benchmark_suite_v8,results/naval_propulsion/benchmark_suite_v8/raw/geneticengine/seed-11.json,True
naval_propulsion,raw,geneticengine,13,success,benchmark_suite_v8,results/naval_propulsion/benchmark_suite_v8/raw/geneticengine/seed-13.json,True
naval_propulsion,raw,geneticengine,17,success,benchmark_suite_v8,results/naval_propulsion/benchmark_suite_v8/raw/geneticengine/seed-17.json,True
naval_propulsion,raw,geneticengine,19,success,benchmark_suite_v8,results/naval_propulsion/benchmark_suite_v8/raw/geneticengine/seed-19.json,True
naval_propulsion,raw,geneticengine,23,success,benchmark_suite_v8,results/naval_propulsion/benchmark_suite_v8/raw/geneticengine/seed-23.json,True
naval_propulsion,raw,geneticengine,29,success,benchmark_suite_v8,results/naval_propulsion/benchmark_suite_v8/raw/geneticengine/seed-29.json,True
naval_propulsion,raw,itea,2,success,benchmark_suite_v8,results/naval_propulsion/benchmark_suite_v8/raw/itea/seed-2.json,True
naval_propulsion,raw,itea,3,success,benchmark_suite_v8,results/naval_propulsion/benchmark_suite_v8/raw/itea/seed-3.json,True
naval_propulsion,raw,itea,5,success,benchmark_suite_v8,results/naval_propulsion/benchmark_suite_v8/raw/itea/seed-5.json,True
naval_propulsion,raw,itea,7,success,benchmark_suite_v8,results/naval_propulsion/benchmark_suite_v8/raw/itea/seed-7.json,True
naval_propulsion,raw,itea,11,success,benchmark_suite_v8,results/naval_propulsion/benchmark_suite_v8/raw/itea/seed-11.json,True
naval_propulsion,raw,itea,13,success,benchmark_suite_v8,results/naval_propulsion/benchmark_suite_v8/raw/itea/seed-13.json,True
naval_propulsion,raw,itea,17,success,benchmark_suite_v8,results/naval_propulsion/benchmark_suite_v8/raw/itea/seed-17.json,True
naval_propulsion,raw,itea,19,success,benchmark_suite_v8,results/naval_propulsion/benchmark_suite_v8/raw/itea/seed-19.json,True
naval_propulsion,raw,itea,23,success,benchmark_suite_v8,results/naval_propulsion/benchmark_suite_v8/raw/itea/seed-23.json,True
naval_propulsion,raw,itea,29,success,benchmark_suite_v8,results/naval_propulsion/benchmark_suite_v8/raw/itea/seed-29.json,True
naval_propulsion,raw,eql,2,success,benchmark_suite_v8,results/naval_propulsion/benchmark_suite_v8/raw/eql/seed-2.json,True
naval_propulsion,raw,eql,3,success,benchmark_suite_v8,results/naval_propulsion/benchmark_suite_v8/raw/eql/seed-3.json,True
naval_propulsion,raw,eql,5,success,benchmark_suite_v8,results/naval_propulsion/benchmark_suite_v8/raw/eql/seed-5.json,True
naval_propulsion,raw,eql,7,success,benchmark_suite_v8,results/naval_propulsion/benchmark_suite_v8/raw/eql/seed-7.json,True
naval_propulsion,raw,eql,11,success,benchmark_suite_v8,results/naval_propulsion/benchmark_suite_v8/raw/eql/seed-11.json,True
naval_propulsion,raw,eql,13,success,benchmark_suite_v8,results/naval_propulsion/benchmark_suite_v8/raw/eql/seed-13.json,True
naval_propulsion,raw,eql,17,success,benchmark_suite_v8,results/naval_propulsion/benchmark_suite_v8/raw/eql/seed-17.json,True
naval_propulsion,raw,eql,19,success,benchmark_suite_v8,results/naval_propulsion/benchmark_suite_v8/raw/eql/seed-19.json,True
naval_propulsion,raw,eql,23,success,benchmark_suite_v8,results/naval_propulsion/benchmark_suite_v8/raw/eql/seed-23.json,True
naval_propulsion,raw,eql,29,success,benchmark_suite_v8,results/naval_propulsion/benchmark_suite_v8/raw/eql/seed-29.json,True
naval_propulsion,domain_minmax,gplearn,2,success,benchmark_suite_v8,results/naval_propulsion/benchmark_suite_v8/domain_minmax/gplearn/seed-2.json,True
naval_propulsion,domain_minmax,gplearn,3,success,benchmark_suite_v8,results/naval_propulsion/benchmark_suite_v8/domain_minmax/gplearn/seed-3.json,True
naval_propulsion,domain_minmax,gplearn,5,success,benchmark_suite_v8,results/naval_propulsion/benchmark_suite_v8/domain_minmax/gplearn/seed-5.json,True
naval_propulsion,domain_minmax,gplearn,7,success,benchmark_suite_v8,results/naval_propulsion/benchmark_suite_v8/domain_minmax/gplearn/seed-7.json,True
naval_propulsion,domain_minmax,gplearn,11,success,benchmark_suite_v8,results/naval_propulsion/benchmark_suite_v8/domain_minmax/gplearn/seed-11.json,True
naval_propulsion,domain_minmax,gplearn,13,success,benchmark_suite_v8,results/naval_propulsion/benchmark_suite_v8/domain_minmax/gplearn/seed-13.json,True
naval_propulsion,domain_minmax,gplearn,17,success,benchmark_suite_v8,results/naval_propulsion/benchmark_suite_v8/domain_minmax/gplearn/seed-17.json,True
naval_propulsion,domain_minmax,gplearn,19,success,benchmark_suite_v8,results/naval_propulsion/benchmark_suite_v8/domain_minmax/gplearn/seed-19.json,True
naval_propulsion,domain_minmax,gplearn,23,success,benchmark_suite_v8,results/naval_propulsion/benchmark_suite_v8/domain_minmax/gplearn/seed-23.json,True
naval_propulsion,domain_minmax,gplearn,29,success,benchmark_suite_v8,results/naval_propulsion/benchmark_suite_v8/domain_minmax/gplearn/seed-29.json,True
naval_propulsion,domain_minmax,operon,2,success,benchmark_suite_v8,results/naval_propulsion/benchmark_suite_v8/domain_minmax/operon/seed-2.json,True
naval_propulsion,domain_minmax,operon,3,success,benchmark_suite_v8,results/naval_propulsion/benchmark_suite_v8/domain_minmax/operon/seed-3.json,True
naval_propulsion,domain_minmax,operon,5,success,benchmark_suite_v8,results/naval_propulsion/benchmark_suite_v8/domain_minmax/operon/seed-5.json,True
naval_propulsion,domain_minmax,operon,7,success,benchmark_suite_v8,results/naval_propulsion/benchmark_suite_v8/domain_minmax/operon/seed-7.json,True
naval_propulsion,domain_minmax,operon,11,success,benchmark_suite_v8,results/naval_propulsion/benchmark_suite_v8/domain_minmax/operon/seed-11.json,True
naval_propulsion,domain_minmax,operon,13,success,benchmark_suite_v8,results/naval_propulsion/benchmark_suite_v8/domain_minmax/operon/seed-13.json,True
naval_propulsion,domain_minmax,operon,17,success,benchmark_suite_v8,results/naval_propulsion/benchmark_suite_v8/domain_minmax/operon/seed-17.json,True
naval_propulsion,domain_minmax,operon,19,success,benchmark_suite_v8,results/naval_propulsion/benchmark_suite_v8/domain_minmax/operon/seed-19.json,True
naval_propulsion,domain_minmax,operon,23,success,benchmark_suite_v8,results/naval_propulsion/benchmark_suite_v8/domain_minmax/operon/seed-23.json,True
naval_propulsion,domain_minmax,operon,29,success,benchmark_suite_v8,results/naval_propulsion/benchmark_suite_v8/domain_minmax/operon/seed-29.json,True
naval_propulsion,domain_minmax,pysr,2,success,benchmark_suite_v8,results/naval_propulsion/benchmark_suite_v8/domain_minmax/pysr/seed-2.json,True
naval_propulsion,domain_minmax,pysr,3,success,benchmark_suite_v8,results/naval_propulsion/benchmark_suite_v8/domain_minmax/pysr/seed-3.json,True
naval_propulsion,domain_minmax,pysr,5,success,benchmark_suite_v8,results/naval_propulsion/benchmark_suite_v8/domain_minmax/pysr/seed-5.json,True
naval_propulsion,domain_minmax,pysr,7,success,benchmark_suite_v8,results/naval_propulsion/benchmark_suite_v8/domain_minmax/pysr/seed-7.json,True
naval_propulsion,domain_minmax,pysr,11,success,benchmark_suite_v8,results/naval_propulsion/benchmark_suite_v8/domain_minmax/pysr/seed-11.json,True
naval_propulsion,domain_minmax,pysr,13,success,benchmark_suite_v8,results/naval_propulsion/benchmark_suite_v8/domain_minmax/pysr/seed-13.json,True
naval_propulsion,domain_minmax,pysr,17,success,benchmark_suite_v8,results/naval_propulsion/benchmark_suite_v8/domain_minmax/pysr/seed-17.json,True
naval_propulsion,domain_minmax,pysr,19,success,benchmark_suite_v8,results/naval_propulsion/benchmark_suite_v8/domain_minmax/pysr/seed-19.json,True
naval_propulsion,domain_minmax,pysr,23,success,benchmark_suite_v8,results/naval_propulsion/benchmark_suite_v8/domain_minmax/pysr/seed-23.json,True
naval_propulsion,domain_minmax,pysr,29,success,benchmark_suite_v8,results/naval_propulsion/benchmark_suite_v8/domain_minmax/pysr/seed-29.json,True
naval_propulsion,domain_minmax,geneticengine,2,success,benchmark_suite_v8,results/naval_propulsion/benchmark_suite_v8/domain_minmax/geneticengine/seed-2.json,True
naval_propulsion,domain_minmax,geneticengine,3,success,benchmark_suite_v8,results/naval_propulsion/benchmark_suite_v8/domain_minmax/geneticengine/seed-3.json,True
naval_propulsion,domain_minmax,geneticengine,5,success,benchmark_suite_v8,results/naval_propulsion/benchmark_suite_v8/domain_minmax/geneticengine/seed-5.json,True
naval_propulsion,domain_minmax,geneticengine,7,success,benchmark_suite_v8,results/naval_propulsion/benchmark_suite_v8/domain_minmax/geneticengine/seed-7.json,True
naval_propulsion,domain_minmax,geneticengine,11,success,benchmark_suite_v8,results/naval_propulsion/benchmark_suite_v8/domain_minmax/geneticengine/seed-11.json,True
naval_propulsion,domain_minmax,geneticengine,13,success,benchmark_suite_v8,results/naval_propulsion/benchmark_suite_v8/domain_minmax/geneticengine/seed-13.json,True
naval_propulsion,domain_minmax,geneticengine,17,success,benchmark_suite_v8,results/naval_propulsion/benchmark_suite_v8/domain_minmax/geneticengine/seed-17.json,True
naval_propulsion,domain_minmax,geneticengine,19,success,benchmark_suite_v8,results/naval_propulsion/benchmark_suite_v8/domain_minmax/geneticengine/seed-19.json,True
naval_propulsion,domain_minmax,geneticengine,23,success,benchmark_suite_v8,results/naval_propulsion/benchmark_suite_v8/domain_minmax/geneticengine/seed-23.json,True
naval_propulsion,domain_minmax,geneticengine,29,success,benchmark_suite_v8,results/naval_propulsion/benchmark_suite_v8/domain_minmax/geneticengine/seed-29.json,True
naval_propulsion,domain_minmax,itea,2,success,benchmark_suite_v8,results/naval_propulsion/benchmark_suite_v8/domain_minmax/itea/seed-2.json,True
naval_propulsion,domain_minmax,itea,3,success,benchmark_suite_v8,results/naval_propulsion/benchmark_suite_v8/domain_minmax/itea/seed-3.json,True
naval_propulsion,domain_minmax,itea,5,success,benchmark_suite_v8,results/naval_propulsion/benchmark_suite_v8/domain_minmax/itea/seed-5.json,True
naval_propulsion,domain_minmax,itea,7,success,benchmark_suite_v8,results/naval_propulsion/benchmark_suite_v8/domain_minmax/itea/seed-7.json,True
naval_propulsion,domain_minmax,itea,11,success,benchmark_suite_v8,results/naval_propulsion/benchmark_suite_v8/domain_minmax/itea/seed-11.json,True
naval_propulsion,domain_minmax,itea,13,success,benchmark_suite_v8,results/naval_propulsion/benchmark_suite_v8/domain_minmax/itea/seed-13.json,True
naval_propulsion,domain_minmax,itea,17,success,benchmark_suite_v8,results/naval_propulsion/benchmark_suite_v8/domain_minmax/itea/seed-17.json,True
naval_propulsion,domain_minmax,itea,19,success,benchmark_suite_v8,results/naval_propulsion/benchmark_suite_v8/domain_minmax/itea/seed-19.json,True
naval_propulsion,domain_minmax,itea,23,success,benchmark_suite_v8,results/naval_propulsion/benchmark_suite_v8/domain_minmax/itea/seed-23.json,True
naval_propulsion,domain_minmax,itea,29,success,benchmark_suite_v8,results/naval_propulsion/benchmark_suite_v8/domain_minmax/itea/seed-29.json,True
naval_propulsion,domain_minmax,eql,2,success,benchmark_suite_v8,results/naval_propulsion/benchmark_suite_v8/domain_minmax/eql/seed-2.json,True
naval_propulsion,domain_minmax,eql,3,success,benchmark_suite_v8,results/naval_propulsion/benchmark_suite_v8/domain_minmax/eql/seed-3.json,True
naval_propulsion,domain_minmax,eql,5,success,benchmark_suite_v8,results/naval_propulsion/benchmark_suite_v8/domain_minmax/eql/seed-5.json,True
naval_propulsion,domain_minmax,eql,7,success,benchmark_suite_v8,results/naval_propulsion/benchmark_suite_v8/domain_minmax/eql/seed-7.json,True
naval_propulsion,domain_minmax,eql,11,success,benchmark_suite_v8,results/naval_propulsion/benchmark_suite_v8/domain_minmax/eql/seed-11.json,True
naval_propulsion,domain_minmax,eql,13,success,benchmark_suite_v8,results/naval_propulsion/benchmark_suite_v8/domain_minmax/eql/seed-13.json,True
naval_propulsion,domain_minmax,eql,17,success,benchmark_suite_v8,results/naval_propulsion/benchmark_suite_v8/domain_minmax/eql/seed-17.json,True
naval_propulsion,domain_minmax,eql,19,success,benchmark_suite_v8,results/naval_propulsion/benchmark_suite_v8/domain_minmax/eql/seed-19.json,True
naval_propulsion,domain_minmax,eql,23,success,benchmark_suite_v8,results/naval_propulsion/benchmark_suite_v8/domain_minmax/eql/seed-23.json,True
naval_propulsion,domain_minmax,eql,29,success,benchmark_suite_v8,results/naval_propulsion/benchmark_suite_v8/domain_minmax/eql/seed-29.json,True
wing_weight,raw,gplearn,2,success,benchmark_suite_v8,results/wing_weight/benchmark_suite_v8/raw/gplearn/seed-2.json,True
wing_weight,raw,gplearn,3,success,benchmark_suite_v8,results/wing_weight/benchmark_suite_v8/raw/gplearn/seed-3.json,True
wing_weight,raw,gplearn,5,success,benchmark_suite_v8,results/wing_weight/benchmark_suite_v8/raw/gplearn/seed-5.json,True
wing_weight,raw,gplearn,7,success,benchmark_suite_v8,results/wing_weight/benchmark_suite_v8/raw/gplearn/seed-7.json,True
wing_weight,raw,gplearn,11,success,benchmark_suite_v8,results/wing_weight/benchmark_suite_v8/raw/gplearn/seed-11.json,True
wing_weight,raw,gplearn,13,success,benchmark_suite_v8,results/wing_weight/benchmark_suite_v8/raw/gplearn/seed-13.json,True
wing_weight,raw,gplearn,17,success,benchmark_suite_v8,results/wing_weight/benchmark_suite_v8/raw/gplearn/seed-17.json,True
wing_weight,raw,gplearn,19,success,benchmark_suite_v8,results/wing_weight/benchmark_suite_v8/raw/gplearn/seed-19.json,True
wing_weight,raw,gplearn,23,success,benchmark_suite_v8,results/wing_weight/benchmark_suite_v8/raw/gplearn/seed-23.json,True
wing_weight,raw,gplearn,29,success,benchmark_suite_v8,results/wing_weight/benchmark_suite_v8/raw/gplearn/seed-29.json,True
wing_weight,raw,operon,2,success,benchmark_suite_v8,results/wing_weight/benchmark_suite_v8/raw/operon/seed-2.json,True
wing_weight,raw,operon,3,success,benchmark_suite_v8,results/wing_weight/benchmark_suite_v8/raw/operon/seed-3.json,True
wing_weight,raw,operon,5,success,benchmark_suite_v8,results/wing_weight/benchmark_suite_v8/raw/operon/seed-5.json,True
wing_weight,raw,operon,7,success,benchmark_suite_v8,results/wing_weight/benchmark_suite_v8/raw/operon/seed-7.json,True
wing_weight,raw,operon,11,success,benchmark_suite_v8,results/wing_weight/benchmark_suite_v8/raw/operon/seed-11.json,True
wing_weight,raw,operon,13,success,benchmark_suite_v8,results/wing_weight/benchmark_suite_v8/raw/operon/seed-13.json,True
wing_weight,raw,operon,17,success,benchmark_suite_v8,results/wing_weight/benchmark_suite_v8/raw/operon/seed-17.json,True
wing_weight,raw,operon,19,success,benchmark_suite_v8,results/wing_weight/benchmark_suite_v8/raw/operon/seed-19.json,True
wing_weight,raw,operon,23,success,benchmark_suite_v8,results/wing_weight/benchmark_suite_v8/raw/operon/seed-23.json,True
wing_weight,raw,operon,29,success,benchmark_suite_v8,results/wing_weight/benchmark_suite_v8/raw/operon/seed-29.json,True
wing_weight,raw,pysr,2,success,benchmark_suite_v8,results/wing_weight/benchmark_suite_v8/raw/pysr/seed-2.json,True
wing_weight,raw,pysr,3,success,benchmark_suite_v8,results/wing_weight/benchmark_suite_v8/raw/pysr/seed-3.json,True
wing_weight,raw,pysr,5,success,benchmark_suite_v8,results/wing_weight/benchmark_suite_v8/raw/pysr/seed-5.json,True
wing_weight,raw,pysr,7,success,benchmark_suite_v8,results/wing_weight/benchmark_suite_v8/raw/pysr/seed-7.json,True
wing_weight,raw,pysr,11,success,benchmark_suite_v8,results/wing_weight/benchmark_suite_v8/raw/pysr/seed-11.json,True
wing_weight,raw,pysr,13,success,benchmark_suite_v8,results/wing_weight/benchmark_suite_v8/raw/pysr/seed-13.json,True
wing_weight,raw,pysr,17,success,benchmark_suite_v8,results/wing_weight/benchmark_suite_v8/raw/pysr/seed-17.json,True
wing_weight,raw,pysr,19,success,benchmark_suite_v8,results/wing_weight/benchmark_suite_v8/raw/pysr/seed-19.json,True
wing_weight,raw,pysr,23,success,benchmark_suite_v8,results/wing_weight/benchmark_suite_v8/raw/pysr/seed-23.json,True
wing_weight,raw,pysr,29,success,benchmark_suite_v8,results/wing_weight/benchmark_suite_v8/raw/pysr/seed-29.json,True
wing_weight,raw,geneticengine,2,success,benchmark_suite_v8,results/wing_weight/benchmark_suite_v8/raw/geneticengine/seed-2.json,True
wing_weight,raw,geneticengine,3,success,benchmark_suite_v8,results/wing_weight/benchmark_suite_v8/raw/geneticengine/seed-3.json,True
wing_weight,raw,geneticengine,5,success,benchmark_suite_v8,results/wing_weight/benchmark_suite_v8/raw/geneticengine/seed-5.json,True
wing_weight,raw,geneticengine,7,success,benchmark_suite_v8,results/wing_weight/benchmark_suite_v8/raw/geneticengine/seed-7.json,True
wing_weight,raw,geneticengine,11,success,benchmark_suite_v8,results/wing_weight/benchmark_suite_v8/raw/geneticengine/seed-11.json,True
wing_weight,raw,geneticengine,13,success,benchmark_suite_v8,results/wing_weight/benchmark_suite_v8/raw/geneticengine/seed-13.json,True
wing_weight,raw,geneticengine,17,success,benchmark_suite_v8,results/wing_weight/benchmark_suite_v8/raw/geneticengine/seed-17.json,True
wing_weight,raw,geneticengine,19,success,benchmark_suite_v8,results/wing_weight/benchmark_suite_v8/raw/geneticengine/seed-19.json,True
wing_weight,raw,geneticengine,23,success,benchmark_suite_v8,results/wing_weight/benchmark_suite_v8/raw/geneticengine/seed-23.json,True
wing_weight,raw,geneticengine,29,success,benchmark_suite_v8,results/wing_weight/benchmark_suite_v8/raw/geneticengine/seed-29.json,True
wing_weight,raw,itea,2,success,benchmark_suite_v8,results/wing_weight/benchmark_suite_v8/raw/itea/seed-2.json,True
wing_weight,raw,itea,3,success,benchmark_suite_v8,results/wing_weight/benchmark_suite_v8/raw/itea/seed-3.json,True
wing_weight,raw,itea,5,success,benchmark_suite_v8,results/wing_weight/benchmark_suite_v8/raw/itea/seed-5.json,True
wing_weight,raw,itea,7,success,benchmark_suite_v8,results/wing_weight/benchmark_suite_v8/raw/itea/seed-7.json,True
wing_weight,raw,itea,11,success,benchmark_suite_v8,results/wing_weight/benchmark_suite_v8/raw/itea/seed-11.json,True
wing_weight,raw,itea,13,success,benchmark_suite_v8,results/wing_weight/benchmark_suite_v8/raw/itea/seed-13.json,True
wing_weight,raw,itea,17,success,benchmark_suite_v8,results/wing_weight/benchmark_suite_v8/raw/itea/seed-17.json,True
wing_weight,raw,itea,19,success,benchmark_suite_v8,results/wing_weight/benchmark_suite_v8/raw/itea/seed-19.json,True
wing_weight,raw,itea,23,success,benchmark_suite_v8,results/wing_weight/benchmark_suite_v8/raw/itea/seed-23.json,True
wing_weight,raw,itea,29,success,benchmark_suite_v8,results/wing_weight/benchmark_suite_v8/raw/itea/seed-29.json,True
wing_weight,raw,eql,2,success,benchmark_suite_v8,results/wing_weight/benchmark_suite_v8/raw/eql/seed-2.json,True
wing_weight,raw,eql,3,success,benchmark_suite_v8,results/wing_weight/benchmark_suite_v8/raw/eql/seed-3.json,True
wing_weight,raw,eql,5,success,benchmark_suite_v8,results/wing_weight/benchmark_suite_v8/raw/eql/seed-5.json,True
wing_weight,raw,eql,7,success,benchmark_suite_v8,results/wing_weight/benchmark_suite_v8/raw/eql/seed-7.json,True
wing_weight,raw,eql,11,success,benchmark_suite_v8,results/wing_weight/benchmark_suite_v8/raw/eql/seed-11.json,True
wing_weight,raw,eql,13,success,benchmark_suite_v8,results/wing_weight/benchmark_suite_v8/raw/eql/seed-13.json,True
wing_weight,raw,eql,17,success,benchmark_suite_v8,results/wing_weight/benchmark_suite_v8/raw/eql/seed-17.json,True
wing_weight,raw,eql,19,success,benchmark_suite_v8,results/wing_weight/benchmark_suite_v8/raw/eql/seed-19.json,True
wing_weight,raw,eql,23,success,benchmark_suite_v8,results/wing_weight/benchmark_suite_v8/raw/eql/seed-23.json,True
wing_weight,raw,eql,29,success,benchmark_suite_v8,results/wing_weight/benchmark_suite_v8/raw/eql/seed-29.json,True
wing_weight,domain_minmax,gplearn,2,success,benchmark_suite_v8,results/wing_weight/benchmark_suite_v8/domain_minmax/gplearn/seed-2.json,True
wing_weight,domain_minmax,gplearn,3,success,benchmark_suite_v8,results/wing_weight/benchmark_suite_v8/domain_minmax/gplearn/seed-3.json,True
wing_weight,domain_minmax,gplearn,5,success,benchmark_suite_v8,results/wing_weight/benchmark_suite_v8/domain_minmax/gplearn/seed-5.json,True
wing_weight,domain_minmax,gplearn,7,success,benchmark_suite_v8,results/wing_weight/benchmark_suite_v8/domain_minmax/gplearn/seed-7.json,True
wing_weight,domain_minmax,gplearn,11,success,benchmark_suite_v8,results/wing_weight/benchmark_suite_v8/domain_minmax/gplearn/seed-11.json,True
wing_weight,domain_minmax,gplearn,13,success,benchmark_suite_v8,results/wing_weight/benchmark_suite_v8/domain_minmax/gplearn/seed-13.json,True
wing_weight,domain_minmax,gplearn,17,success,benchmark_suite_v8,results/wing_weight/benchmark_suite_v8/domain_minmax/gplearn/seed-17.json,True
wing_weight,domain_minmax,gplearn,19,success,benchmark_suite_v8,results/wing_weight/benchmark_suite_v8/domain_minmax/gplearn/seed-19.json,True
wing_weight,domain_minmax,gplearn,23,success,benchmark_suite_v8,results/wing_weight/benchmark_suite_v8/domain_minmax/gplearn/seed-23.json,True
wing_weight,domain_minmax,gplearn,29,success,benchmark_suite_v8,results/wing_weight/benchmark_suite_v8/domain_minmax/gplearn/seed-29.json,True
wing_weight,domain_minmax,operon,2,success,benchmark_suite_v8,results/wing_weight/benchmark_suite_v8/domain_minmax/operon/seed-2.json,True
wing_weight,domain_minmax,operon,3,success,benchmark_suite_v8,results/wing_weight/benchmark_suite_v8/domain_minmax/operon/seed-3.json,True
wing_weight,domain_minmax,operon,5,success,benchmark_suite_v8,results/wing_weight/benchmark_suite_v8/domain_minmax/operon/seed-5.json,True
wing_weight,domain_minmax,operon,7,success,benchmark_suite_v8,results/wing_weight/benchmark_suite_v8/domain_minmax/operon/seed-7.json,True
wing_weight,domain_minmax,operon,11,success,benchmark_suite_v8,results/wing_weight/benchmark_suite_v8/domain_minmax/operon/seed-11.json,True
wing_weight,domain_minmax,operon,13,success,benchmark_suite_v8,results/wing_weight/benchmark_suite_v8/domain_minmax/operon/seed-13.json,True
wing_weight,domain_minmax,operon,17,success,benchmark_suite_v8,results/wing_weight/benchmark_suite_v8/domain_minmax/operon/seed-17.json,True
wing_weight,domain_minmax,operon,19,success,benchmark_suite_v8,results/wing_weight/benchmark_suite_v8/domain_minmax/operon/seed-19.json,True
wing_weight,domain_minmax,operon,23,success,benchmark_suite_v8,results/wing_weight/benchmark_suite_v8/domain_minmax/operon/seed-23.json,True
wing_weight,domain_minmax,operon,29,success,benchmark_suite_v8,results/wing_weight/benchmark_suite_v8/domain_minmax/operon/seed-29.json,True
wing_weight,domain_minmax,pysr,2,success,benchmark_suite_v8,results/wing_weight/benchmark_suite_v8/domain_minmax/pysr/seed-2.json,True
wing_weight,domain_minmax,pysr,3,success,benchmark_suite_v8,results/wing_weight/benchmark_suite_v8/domain_minmax/pysr/seed-3.json,True
wing_weight,domain_minmax,pysr,5,success,benchmark_suite_v8,results/wing_weight/benchmark_suite_v8/domain_minmax/pysr/seed-5.json,True
wing_weight,domain_minmax,pysr,7,success,benchmark_suite_v8,results/wing_weight/benchmark_suite_v8/domain_minmax/pysr/seed-7.json,True
wing_weight,domain_minmax,pysr,11,success,benchmark_suite_v8,results/wing_weight/benchmark_suite_v8/domain_minmax/pysr/seed-11.json,True
wing_weight,domain_minmax,pysr,13,success,benchmark_suite_v8,results/wing_weight/benchmark_suite_v8/domain_minmax/pysr/seed-13.json,True
wing_weight,domain_minmax,pysr,17,success,benchmark_suite_v8,results/wing_weight/benchmark_suite_v8/domain_minmax/pysr/seed-17.json,True
wing_weight,domain_minmax,pysr,19,success,benchmark_suite_v8,results/wing_weight/benchmark_suite_v8/domain_minmax/pysr/seed-19.json,True
wing_weight,domain_minmax,pysr,23,success,benchmark_suite_v8,results/wing_weight/benchmark_suite_v8/domain_minmax/pysr/seed-23.json,True
wing_weight,domain_minmax,pysr,29,success,benchmark_suite_v8,results/wing_weight/benchmark_suite_v8/domain_minmax/pysr/seed-29.json,True
wing_weight,domain_minmax,geneticengine,2,success,benchmark_suite_v8,results/wing_weight/benchmark_suite_v8/domain_minmax/geneticengine/seed-2.json,True
wing_weight,domain_minmax,geneticengine,3,success,benchmark_suite_v8,results/wing_weight/benchmark_suite_v8/domain_minmax/geneticengine/seed-3.json,True
wing_weight,domain_minmax,geneticengine,5,success,benchmark_suite_v8,results/wing_weight/benchmark_suite_v8/domain_minmax/geneticengine/seed-5.json,True
wing_weight,domain_minmax,geneticengine,7,success,benchmark_suite_v8,results/wing_weight/benchmark_suite_v8/domain_minmax/geneticengine/seed-7.json,True
wing_weight,domain_minmax,geneticengine,11,success,benchmark_suite_v8,results/wing_weight/benchmark_suite_v8/domain_minmax/geneticengine/seed-11.json,True
wing_weight,domain_minmax,geneticengine,13,success,benchmark_suite_v8,results/wing_weight/benchmark_suite_v8/domain_minmax/geneticengine/seed-13.json,True
wing_weight,domain_minmax,geneticengine,17,success,benchmark_suite_v8,results/wing_weight/benchmark_suite_v8/domain_minmax/geneticengine/seed-17.json,True
wing_weight,domain_minmax,geneticengine,19,success,benchmark_suite_v8,results/wing_weight/benchmark_suite_v8/domain_minmax/geneticengine/seed-19.json,True
wing_weight,domain_minmax,geneticengine,23,success,benchmark_suite_v8,results/wing_weight/benchmark_suite_v8/domain_minmax/geneticengine/seed-23.json,True
wing_weight,domain_minmax,geneticengine,29,success,benchmark_suite_v8,results/wing_weight/benchmark_suite_v8/domain_minmax/geneticengine/seed-29.json,True
wing_weight,domain_minmax,itea,2,success,benchmark_suite_v8,results/wing_weight/benchmark_suite_v8/domain_minmax/itea/seed-2.json,True
wing_weight,domain_minmax,itea,3,success,benchmark_suite_v8,results/wing_weight/benchmark_suite_v8/domain_minmax/itea/seed-3.json,True
wing_weight,domain_minmax,itea,5,success,benchmark_suite_v8,results/wing_weight/benchmark_suite_v8/domain_minmax/itea/seed-5.json,True
wing_weight,domain_minmax,itea,7,success,benchmark_suite_v8,results/wing_weight/benchmark_suite_v8/domain_minmax/itea/seed-7.json,True
wing_weight,domain_minmax,itea,11,success,benchmark_suite_v8,results/wing_weight/benchmark_suite_v8/domain_minmax/itea/seed-11.json,True
wing_weight,domain_minmax,itea,13,success,benchmark_suite_v8,results/wing_weight/benchmark_suite_v8/domain_minmax/itea/seed-13.json,True
wing_weight,domain_minmax,itea,17,success,benchmark_suite_v8,results/wing_weight/benchmark_suite_v8/domain_minmax/itea/seed-17.json,True
wing_weight,domain_minmax,itea,19,success,benchmark_suite_v8,results/wing_weight/benchmark_suite_v8/domain_minmax/itea/seed-19.json,True
wing_weight,domain_minmax,itea,23,success,benchmark_suite_v8,results/wing_weight/benchmark_suite_v8/domain_minmax/itea/seed-23.json,True
wing_weight,domain_minmax,itea,29,success,benchmark_suite_v8,results/wing_weight/benchmark_suite_v8/domain_minmax/itea/seed-29.json,True
wing_weight,domain_minmax,eql,2,success,benchmark_suite_v8,results/wing_weight/benchmark_suite_v8/domain_minmax/eql/seed-2.json,True
wing_weight,domain_minmax,eql,3,success,benchmark_suite_v8,results/wing_weight/benchmark_suite_v8/domain_minmax/eql/seed-3.json,True
wing_weight,domain_minmax,eql,5,success,benchmark_suite_v8,results/wing_weight/benchmark_suite_v8/domain_minmax/eql/seed-5.json,True
wing_weight,domain_minmax,eql,7,success,benchmark_suite_v8,results/wing_weight/benchmark_suite_v8/domain_minmax/eql/seed-7.json,True
wing_weight,domain_minmax,eql,11,success,benchmark_suite_v8,results/wing_weight/benchmark_suite_v8/domain_minmax/eql/seed-11.json,True
wing_weight,domain_minmax,eql,13,success,benchmark_suite_v8,results/wing_weight/benchmark_suite_v8/domain_minmax/eql/seed-13.json,True
wing_weight,domain_minmax,eql,17,success,benchmark_suite_v8,results/wing_weight/benchmark_suite_v8/domain_minmax/eql/seed-17.json,True
wing_weight,domain_minmax,eql,19,success,benchmark_suite_v8,results/wing_weight/benchmark_suite_v8/domain_minmax/eql/seed-19.json,True
wing_weight,domain_minmax,eql,23,success,benchmark_suite_v8,results/wing_weight/benchmark_suite_v8/domain_minmax/eql/seed-23.json,True
wing_weight,domain_minmax,eql,29,success,benchmark_suite_v8,results/wing_weight/benchmark_suite_v8/domain_minmax/eql/seed-29.json,True
gas_turbine_nox,raw,gplearn,2,success,benchmark_suite_v8,results/gas_turbine_nox/benchmark_suite_v8/raw/gplearn/seed-2.json,True
gas_turbine_nox,raw,gplearn,3,success,benchmark_suite_v8,results/gas_turbine_nox/benchmark_suite_v8/raw/gplearn/seed-3.json,True
gas_turbine_nox,raw,gplearn,5,success,benchmark_suite_v8,results/gas_turbine_nox/benchmark_suite_v8/raw/gplearn/seed-5.json,True
gas_turbine_nox,raw,gplearn,7,success,benchmark_suite_v8,results/gas_turbine_nox/benchmark_suite_v8/raw/gplearn/seed-7.json,True
gas_turbine_nox,raw,gplearn,11,success,benchmark_suite_v7,results/gas_turbine_nox/benchmark_suite_v7/raw/gplearn/seed-11.json,True
gas_turbine_nox,raw,gplearn,13,success,benchmark_suite_v7,results/gas_turbine_nox/benchmark_suite_v7/raw/gplearn/seed-13.json,True
gas_turbine_nox,raw,gplearn,17,success,benchmark_suite_v7,results/gas_turbine_nox/benchmark_suite_v7/raw/gplearn/seed-17.json,True
gas_turbine_nox,raw,gplearn,19,success,benchmark_suite_v7,results/gas_turbine_nox/benchmark_suite_v7/raw/gplearn/seed-19.json,True
gas_turbine_nox,raw,gplearn,23,success,benchmark_suite_v7,results/gas_turbine_nox/benchmark_suite_v7/raw/gplearn/seed-23.json,True
gas_turbine_nox,raw,gplearn,29,success,benchmark_suite_v7,results/gas_turbine_nox/benchmark_suite_v7/raw/gplearn/seed-29.json,True
gas_turbine_nox,raw,operon,2,success,benchmark_suite_v8,results/gas_turbine_nox/benchmark_suite_v8/raw/operon/seed-2.json,True
gas_turbine_nox,raw,operon,3,success,benchmark_suite_v8,results/gas_turbine_nox/benchmark_suite_v8/raw/operon/seed-3.json,True
gas_turbine_nox,raw,operon,5,success,benchmark_suite_v8,results/gas_turbine_nox/benchmark_suite_v8/raw/operon/seed-5.json,True
gas_turbine_nox,raw,operon,7,success,benchmark_suite_v8,results/gas_turbine_nox/benchmark_suite_v8/raw/operon/seed-7.json,True
gas_turbine_nox,raw,operon,11,success,benchmark_suite_v7,results/gas_turbine_nox/benchmark_suite_v7/raw/operon/seed-11.json,True
gas_turbine_nox,raw,operon,13,success,benchmark_suite_v7,results/gas_turbine_nox/benchmark_suite_v7/raw/operon/seed-13.json,True
gas_turbine_nox,raw,operon,17,success,benchmark_suite_v7,results/gas_turbine_nox/benchmark_suite_v7/raw/operon/seed-17.json,True
gas_turbine_nox,raw,operon,19,success,benchmark_suite_v7,results/gas_turbine_nox/benchmark_suite_v7/raw/operon/seed-19.json,True
gas_turbine_nox,raw,operon,23,success,benchmark_suite_v7,results/gas_turbine_nox/benchmark_suite_v7/raw/operon/seed-23.json,True
gas_turbine_nox,raw,operon,29,success,benchmark_suite_v7,results/gas_turbine_nox/benchmark_suite_v7/raw/operon/seed-29.json,True
gas_turbine_nox,raw,pysr,2,success,benchmark_suite_v8,results/gas_turbine_nox/benchmark_suite_v8/raw/pysr/seed-2.json,True
gas_turbine_nox,raw,pysr,3,success,benchmark_suite_v8,results/gas_turbine_nox/benchmark_suite_v8/raw/pysr/seed-3.json,True
gas_turbine_nox,raw,pysr,5,success,benchmark_suite_v8,results/gas_turbine_nox/benchmark_suite_v8/raw/pysr/seed-5.json,True
gas_turbine_nox,raw,pysr,7,success,benchmark_suite_v8,results/gas_turbine_nox/benchmark_suite_v8/raw/pysr/seed-7.json,True
gas_turbine_nox,raw,pysr,11,success,benchmark_suite_v7,results/gas_turbine_nox/benchmark_suite_v7/raw/pysr/seed-11.json,True
gas_turbine_nox,raw,pysr,13,success,benchmark_suite_v7,results/gas_turbine_nox/benchmark_suite_v7/raw/pysr/seed-13.json,True
gas_turbine_nox,raw,pysr,17,success,benchmark_suite_v7,results/gas_turbine_nox/benchmark_suite_v7/raw/pysr/seed-17.json,True
gas_turbine_nox,raw,pysr,19,success,benchmark_suite_v7,results/gas_turbine_nox/benchmark_suite_v7/raw/pysr/seed-19.json,True
gas_turbine_nox,raw,pysr,23,success,benchmark_suite_v7,results/gas_turbine_nox/benchmark_suite_v7/raw/pysr/seed-23.json,True
gas_turbine_nox,raw,pysr,29,success,benchmark_suite_v7,results/gas_turbine_nox/benchmark_suite_v7/raw/pysr/seed-29.json,True
gas_turbine_nox,raw,geneticengine,2,success,benchmark_suite_v8,results/gas_turbine_nox/benchmark_suite_v8/raw/geneticengine/seed-2.json,True
gas_turbine_nox,raw,geneticengine,3,success,benchmark_suite_v8,results/gas_turbine_nox/benchmark_suite_v8/raw/geneticengine/seed-3.json,True
gas_turbine_nox,raw,geneticengine,5,success,benchmark_suite_v8,results/gas_turbine_nox/benchmark_suite_v8/raw/geneticengine/seed-5.json,True
gas_turbine_nox,raw,geneticengine,7,success,benchmark_suite_v8,results/gas_turbine_nox/benchmark_suite_v8/raw/geneticengine/seed-7.json,True
gas_turbine_nox,raw,geneticengine,11,success,benchmark_suite_v7,results/gas_turbine_nox/benchmark_suite_v7/raw/geneticengine/seed-11.json,True
gas_turbine_nox,raw,geneticengine,13,success,benchmark_suite_v7,results/gas_turbine_nox/benchmark_suite_v7/raw/geneticengine/seed-13.json,True
gas_turbine_nox,raw,geneticengine,17,success,benchmark_suite_v7,results/gas_turbine_nox/benchmark_suite_v7/raw/geneticengine/seed-17.json,True
gas_turbine_nox,raw,geneticengine,19,success,benchmark_suite_v7,results/gas_turbine_nox/benchmark_suite_v7/raw/geneticengine/seed-19.json,True
gas_turbine_nox,raw,geneticengine,23,success,benchmark_suite_v7,results/gas_turbine_nox/benchmark_suite_v7/raw/geneticengine/seed-23.json,True
gas_turbine_nox,raw,geneticengine,29,success,benchmark_suite_v7,results/gas_turbine_nox/benchmark_suite_v7/raw/geneticengine/seed-29.json,True
gas_turbine_nox,raw,itea,2,success,benchmark_suite_v8,results/gas_turbine_nox/benchmark_suite_v8/raw/itea/seed-2.json,True
gas_turbine_nox,raw,itea,3,success,benchmark_suite_v8,results/gas_turbine_nox/benchmark_suite_v8/raw/itea/seed-3.json,True
gas_turbine_nox,raw,itea,5,success,benchmark_suite_v8,results/gas_turbine_nox/benchmark_suite_v8/raw/itea/seed-5.json,True
gas_turbine_nox,raw,itea,7,success,benchmark_suite_v8,results/gas_turbine_nox/benchmark_suite_v8/raw/itea/seed-7.json,True
gas_turbine_nox,raw,itea,11,success,benchmark_suite_v7,results/gas_turbine_nox/benchmark_suite_v7/raw/itea/seed-11.json,True
gas_turbine_nox,raw,itea,13,success,benchmark_suite_v7,results/gas_turbine_nox/benchmark_suite_v7/raw/itea/seed-13.json,True
gas_turbine_nox,raw,itea,17,success,benchmark_suite_v7,results/gas_turbine_nox/benchmark_suite_v7/raw/itea/seed-17.json,True
gas_turbine_nox,raw,itea,19,success,benchmark_suite_v7,results/gas_turbine_nox/benchmark_suite_v7/raw/itea/seed-19.json,True
gas_turbine_nox,raw,itea,23,success,benchmark_suite_v7,results/gas_turbine_nox/benchmark_suite_v7/raw/itea/seed-23.json,True
gas_turbine_nox,raw,itea,29,success,benchmark_suite_v7,results/gas_turbine_nox/benchmark_suite_v7/raw/itea/seed-29.json,True
gas_turbine_nox,raw,eql,2,success,benchmark_suite_v8,results/gas_turbine_nox/benchmark_suite_v8/raw/eql/seed-2.json,True
gas_turbine_nox,raw,eql,3,success,benchmark_suite_v8,results/gas_turbine_nox/benchmark_suite_v8/raw/eql/seed-3.json,True
gas_turbine_nox,raw,eql,5,success,benchmark_suite_v8,results/gas_turbine_nox/benchmark_suite_v8/raw/eql/seed-5.json,True
gas_turbine_nox,raw,eql,7,success,benchmark_suite_v7,results/gas_turbine_nox/benchmark_suite_v7/raw/eql/seed-7.json,True
gas_turbine_nox,raw,eql,11,success,benchmark_suite_v7,results/gas_turbine_nox/benchmark_suite_v7/raw/eql/seed-11.json,True
gas_turbine_nox,raw,eql,13,success,benchmark_suite_v7,results/gas_turbine_nox/benchmark_suite_v7/raw/eql/seed-13.json,True
gas_turbine_nox,raw,eql,17,success,benchmark_suite_v7,results/gas_turbine_nox/benchmark_suite_v7/raw/eql/seed-17.json,True
gas_turbine_nox,raw,eql,19,success,benchmark_suite_v7,results/gas_turbine_nox/benchmark_suite_v7/raw/eql/seed-19.json,True
gas_turbine_nox,raw,eql,23,success,benchmark_suite_v7,results/gas_turbine_nox/benchmark_suite_v7/raw/eql/seed-23.json,True
gas_turbine_nox,raw,eql,29,success,benchmark_suite_v7,results/gas_turbine_nox/benchmark_suite_v7/raw/eql/seed-29.json,True
gas_turbine_nox,domain_minmax,gplearn,2,success,benchmark_suite_v7,results/gas_turbine_nox/benchmark_suite_v7/domain_minmax/gplearn/seed-2.json,True
gas_turbine_nox,domain_minmax,gplearn,3,success,benchmark_suite_v7,results/gas_turbine_nox/benchmark_suite_v7/domain_minmax/gplearn/seed-3.json,True
gas_turbine_nox,domain_minmax,gplearn,5,success,benchmark_suite_v7,results/gas_turbine_nox/benchmark_suite_v7/domain_minmax/gplearn/seed-5.json,True
gas_turbine_nox,domain_minmax,gplearn,7,success,benchmark_suite_v7,results/gas_turbine_nox/benchmark_suite_v7/domain_minmax/gplearn/seed-7.json,True
gas_turbine_nox,domain_minmax,gplearn,11,success,benchmark_suite_v7,results/gas_turbine_nox/benchmark_suite_v7/domain_minmax/gplearn/seed-11.json,True
gas_turbine_nox,domain_minmax,gplearn,13,success,benchmark_suite_v7,results/gas_turbine_nox/benchmark_suite_v7/domain_minmax/gplearn/seed-13.json,True
gas_turbine_nox,domain_minmax,gplearn,17,success,benchmark_suite_v7,results/gas_turbine_nox/benchmark_suite_v7/domain_minmax/gplearn/seed-17.json,True
gas_turbine_nox,domain_minmax,gplearn,19,success,benchmark_suite_v7,results/gas_turbine_nox/benchmark_suite_v7/domain_minmax/gplearn/seed-19.json,True
gas_turbine_nox,domain_minmax,gplearn,23,success,benchmark_suite_v7,results/gas_turbine_nox/benchmark_suite_v7/domain_minmax/gplearn/seed-23.json,True
gas_turbine_nox,domain_minmax,gplearn,29,success,benchmark_suite_v7,results/gas_turbine_nox/benchmark_suite_v7/domain_minmax/gplearn/seed-29.json,True
gas_turbine_nox,domain_minmax,operon,2,success,benchmark_suite_v7,results/gas_turbine_nox/benchmark_suite_v7/domain_minmax/operon/seed-2.json,True
gas_turbine_nox,domain_minmax,operon,3,success,benchmark_suite_v7,results/gas_turbine_nox/benchmark_suite_v7/domain_minmax/operon/seed-3.json,True
gas_turbine_nox,domain_minmax,operon,5,success,benchmark_suite_v7,results/gas_turbine_nox/benchmark_suite_v7/domain_minmax/operon/seed-5.json,True
gas_turbine_nox,domain_minmax,operon,7,success,benchmark_suite_v7,results/gas_turbine_nox/benchmark_suite_v7/domain_minmax/operon/seed-7.json,True
gas_turbine_nox,domain_minmax,operon,11,success,benchmark_suite_v7,results/gas_turbine_nox/benchmark_suite_v7/domain_minmax/operon/seed-11.json,True
gas_turbine_nox,domain_minmax,operon,13,success,benchmark_suite_v7,results/gas_turbine_nox/benchmark_suite_v7/domain_minmax/operon/seed-13.json,True
gas_turbine_nox,domain_minmax,operon,17,success,benchmark_suite_v7,results/gas_turbine_nox/benchmark_suite_v7/domain_minmax/operon/seed-17.json,True
gas_turbine_nox,domain_minmax,operon,19,success,benchmark_suite_v7,results/gas_turbine_nox/benchmark_suite_v7/domain_minmax/operon/seed-19.json,True
gas_turbine_nox,domain_minmax,operon,23,success,benchmark_suite_v7,results/gas_turbine_nox/benchmark_suite_v7/domain_minmax/operon/seed-23.json,True
gas_turbine_nox,domain_minmax,operon,29,success,benchmark_suite_v7,results/gas_turbine_nox/benchmark_suite_v7/domain_minmax/operon/seed-29.json,True
gas_turbine_nox,domain_minmax,pysr,2,success,benchmark_suite_v7,results/gas_turbine_nox/benchmark_suite_v7/domain_minmax/pysr/seed-2.json,True
gas_turbine_nox,domain_minmax,pysr,3,success,benchmark_suite_v7,results/gas_turbine_nox/benchmark_suite_v7/domain_minmax/pysr/seed-3.json,True
gas_turbine_nox,domain_minmax,pysr,5,success,benchmark_suite_v7,results/gas_turbine_nox/benchmark_suite_v7/domain_minmax/pysr/seed-5.json,True
gas_turbine_nox,domain_minmax,pysr,7,success,benchmark_suite_v7,results/gas_turbine_nox/benchmark_suite_v7/domain_minmax/pysr/seed-7.json,True
gas_turbine_nox,domain_minmax,pysr,11,success,benchmark_suite_v7,results/gas_turbine_nox/benchmark_suite_v7/domain_minmax/pysr/seed-11.json,True
gas_turbine_nox,domain_minmax,pysr,13,success,benchmark_suite_v7,results/gas_turbine_nox/benchmark_suite_v7/domain_minmax/pysr/seed-13.json,True
gas_turbine_nox,domain_minmax,pysr,17,success,benchmark_suite_v7,results/gas_turbine_nox/benchmark_suite_v7/domain_minmax/pysr/seed-17.json,True
gas_turbine_nox,domain_minmax,pysr,19,success,benchmark_suite_v7,results/gas_turbine_nox/benchmark_suite_v7/domain_minmax/pysr/seed-19.json,True
gas_turbine_nox,domain_minmax,pysr,23,success,benchmark_suite_v7,results/gas_turbine_nox/benchmark_suite_v7/domain_minmax/pysr/seed-23.json,True
gas_turbine_nox,domain_minmax,pysr,29,success,benchmark_suite_v7,results/gas_turbine_nox/benchmark_suite_v7/domain_minmax/pysr/seed-29.json,True
gas_turbine_nox,domain_minmax,geneticengine,2,success,benchmark_suite_v7,results/gas_turbine_nox/benchmark_suite_v7/domain_minmax/geneticengine/seed-2.json,True
gas_turbine_nox,domain_minmax,geneticengine,3,success,benchmark_suite_v10,results/gas_turbine_nox/benchmark_suite_v10/domain_minmax/geneticengine/seed-3.json,True
gas_turbine_nox,domain_minmax,geneticengine,5,success,benchmark_suite_v7,results/gas_turbine_nox/benchmark_suite_v7/domain_minmax/geneticengine/seed-5.json,True
gas_turbine_nox,domain_minmax,geneticengine,7,success,benchmark_suite_v7,results/gas_turbine_nox/benchmark_suite_v7/domain_minmax/geneticengine/seed-7.json,True
gas_turbine_nox,domain_minmax,geneticengine,11,success,benchmark_suite_v7,results/gas_turbine_nox/benchmark_suite_v7/domain_minmax/geneticengine/seed-11.json,True
gas_turbine_nox,domain_minmax,geneticengine,13,success,benchmark_suite_v7,results/gas_turbine_nox/benchmark_suite_v7/domain_minmax/geneticengine/seed-13.json,True
gas_turbine_nox,domain_minmax,geneticengine,17,success,benchmark_suite_v7,results/gas_turbine_nox/benchmark_suite_v7/domain_minmax/geneticengine/seed-17.json,True
gas_turbine_nox,domain_minmax,geneticengine,19,success,benchmark_suite_v10,results/gas_turbine_nox/benchmark_suite_v10/domain_minmax/geneticengine/seed-19.json,True
gas_turbine_nox,domain_minmax,geneticengine,23,success,benchmark_suite_v7,results/gas_turbine_nox/benchmark_suite_v7/domain_minmax/geneticengine/seed-23.json,True
gas_turbine_nox,domain_minmax,geneticengine,29,success,benchmark_suite_v7,results/gas_turbine_nox/benchmark_suite_v7/domain_minmax/geneticengine/seed-29.json,True
gas_turbine_nox,domain_minmax,itea,2,success,benchmark_suite_v7,results/gas_turbine_nox/benchmark_suite_v7/domain_minmax/itea/seed-2.json,True
gas_turbine_nox,domain_minmax,itea,3,success,benchmark_suite_v7,results/gas_turbine_nox/benchmark_suite_v7/domain_minmax/itea/seed-3.json,True
gas_turbine_nox,domain_minmax,itea,5,success,benchmark_suite_v7,results/gas_turbine_nox/benchmark_suite_v7/domain_minmax/itea/seed-5.json,True
gas_turbine_nox,domain_minmax,itea,7,success,benchmark_suite_v7,results/gas_turbine_nox/benchmark_suite_v7/domain_minmax/itea/seed-7.json,True
gas_turbine_nox,domain_minmax,itea,11,success,benchmark_suite_v7,results/gas_turbine_nox/benchmark_suite_v7/domain_minmax/itea/seed-11.json,True
gas_turbine_nox,domain_minmax,itea,13,success,benchmark_suite_v7,results/gas_turbine_nox/benchmark_suite_v7/domain_minmax/itea/seed-13.json,True
gas_turbine_nox,domain_minmax,itea,17,success,benchmark_suite_v7,results/gas_turbine_nox/benchmark_suite_v7/domain_minmax/itea/seed-17.json,True
gas_turbine_nox,domain_minmax,itea,19,success,benchmark_suite_v7,results/gas_turbine_nox/benchmark_suite_v7/domain_minmax/itea/seed-19.json,True
gas_turbine_nox,domain_minmax,itea,23,success,benchmark_suite_v7,results/gas_turbine_nox/benchmark_suite_v7/domain_minmax/itea/seed-23.json,True
gas_turbine_nox,domain_minmax,itea,29,success,benchmark_suite_v7,results/gas_turbine_nox/benchmark_suite_v7/domain_minmax/itea/seed-29.json,True
gas_turbine_nox,domain_minmax,eql,2,success,benchmark_suite_v7,results/gas_turbine_nox/benchmark_suite_v7/domain_minmax/eql/seed-2.json,True
gas_turbine_nox,domain_minmax,eql,3,success,benchmark_suite_v7,results/gas_turbine_nox/benchmark_suite_v7/domain_minmax/eql/seed-3.json,True
gas_turbine_nox,domain_minmax,eql,5,success,benchmark_suite_v7,results/gas_turbine_nox/benchmark_suite_v7/domain_minmax/eql/seed-5.json,True
gas_turbine_nox,domain_minmax,eql,7,success,benchmark_suite_v7,results/gas_turbine_nox/benchmark_suite_v7/domain_minmax/eql/seed-7.json,True
gas_turbine_nox,domain_minmax,eql,11,success,benchmark_suite_v7,results/gas_turbine_nox/benchmark_suite_v7/domain_minmax/eql/seed-11.json,True
gas_turbine_nox,domain_minmax,eql,13,success,benchmark_suite_v7,results/gas_turbine_nox/benchmark_suite_v7/domain_minmax/eql/seed-13.json,True
gas_turbine_nox,domain_minmax,eql,17,success,benchmark_suite_v7,results/gas_turbine_nox/benchmark_suite_v7/domain_minmax/eql/seed-17.json,True
gas_turbine_nox,domain_minmax,eql,19,success,benchmark_suite_v7,results/gas_turbine_nox/benchmark_suite_v7/domain_minmax/eql/seed-19.json,True
gas_turbine_nox,domain_minmax,eql,23,success,benchmark_suite_v7,results/gas_turbine_nox/benchmark_suite_v7/domain_minmax/eql/seed-23.json,True
gas_turbine_nox,domain_minmax,eql,29,success,benchmark_suite_v7,results/gas_turbine_nox/benchmark_suite_v7/domain_minmax/eql/seed-29.json,True
concrete_strength,raw,gplearn,2,success,benchmark_suite_v8,results/concrete_strength/benchmark_suite_v8/raw/gplearn/seed-2.json,True
concrete_strength,raw,gplearn,3,success,benchmark_suite_v8,results/concrete_strength/benchmark_suite_v8/raw/gplearn/seed-3.json,True
concrete_strength,raw,gplearn,5,success,benchmark_suite_v8,results/concrete_strength/benchmark_suite_v8/raw/gplearn/seed-5.json,True
concrete_strength,raw,gplearn,7,success,benchmark_suite_v8,results/concrete_strength/benchmark_suite_v8/raw/gplearn/seed-7.json,True
concrete_strength,raw,gplearn,11,success,benchmark_suite_v8,results/concrete_strength/benchmark_suite_v8/raw/gplearn/seed-11.json,True
concrete_strength,raw,gplearn,13,success,benchmark_suite_v8,results/concrete_strength/benchmark_suite_v8/raw/gplearn/seed-13.json,True
concrete_strength,raw,gplearn,17,success,benchmark_suite_v8,results/concrete_strength/benchmark_suite_v8/raw/gplearn/seed-17.json,True
concrete_strength,raw,gplearn,19,success,benchmark_suite_v8,results/concrete_strength/benchmark_suite_v8/raw/gplearn/seed-19.json,True
concrete_strength,raw,gplearn,23,success,benchmark_suite_v8,results/concrete_strength/benchmark_suite_v8/raw/gplearn/seed-23.json,True
concrete_strength,raw,gplearn,29,success,benchmark_suite_v8,results/concrete_strength/benchmark_suite_v8/raw/gplearn/seed-29.json,True
concrete_strength,raw,operon,2,success,benchmark_suite_v8,results/concrete_strength/benchmark_suite_v8/raw/operon/seed-2.json,True
concrete_strength,raw,operon,3,success,benchmark_suite_v8,results/concrete_strength/benchmark_suite_v8/raw/operon/seed-3.json,True
concrete_strength,raw,operon,5,success,benchmark_suite_v8,results/concrete_strength/benchmark_suite_v8/raw/operon/seed-5.json,True
concrete_strength,raw,operon,7,success,benchmark_suite_v8,results/concrete_strength/benchmark_suite_v8/raw/operon/seed-7.json,True
concrete_strength,raw,operon,11,success,benchmark_suite_v8,results/concrete_strength/benchmark_suite_v8/raw/operon/seed-11.json,True
concrete_strength,raw,operon,13,success,benchmark_suite_v8,results/concrete_strength/benchmark_suite_v8/raw/operon/seed-13.json,True
concrete_strength,raw,operon,17,success,benchmark_suite_v8,results/concrete_strength/benchmark_suite_v8/raw/operon/seed-17.json,True
concrete_strength,raw,operon,19,success,benchmark_suite_v8,results/concrete_strength/benchmark_suite_v8/raw/operon/seed-19.json,True
concrete_strength,raw,operon,23,success,benchmark_suite_v8,results/concrete_strength/benchmark_suite_v8/raw/operon/seed-23.json,True
concrete_strength,raw,operon,29,success,benchmark_suite_v8,results/concrete_strength/benchmark_suite_v8/raw/operon/seed-29.json,True
concrete_strength,raw,pysr,2,success,benchmark_suite_v8,results/concrete_strength/benchmark_suite_v8/raw/pysr/seed-2.json,True
concrete_strength,raw,pysr,3,success,benchmark_suite_v8,results/concrete_strength/benchmark_suite_v8/raw/pysr/seed-3.json,True
concrete_strength,raw,pysr,5,success,benchmark_suite_v8,results/concrete_strength/benchmark_suite_v8/raw/pysr/seed-5.json,True
concrete_strength,raw,pysr,7,success,benchmark_suite_v8,results/concrete_strength/benchmark_suite_v8/raw/pysr/seed-7.json,True
concrete_strength,raw,pysr,11,success,benchmark_suite_v8,results/concrete_strength/benchmark_suite_v8/raw/pysr/seed-11.json,True
concrete_strength,raw,pysr,13,success,benchmark_suite_v8,results/concrete_strength/benchmark_suite_v8/raw/pysr/seed-13.json,True
concrete_strength,raw,pysr,17,success,benchmark_suite_v8,results/concrete_strength/benchmark_suite_v8/raw/pysr/seed-17.json,True
concrete_strength,raw,pysr,19,success,benchmark_suite_v8,results/concrete_strength/benchmark_suite_v8/raw/pysr/seed-19.json,True
concrete_strength,raw,pysr,23,success,benchmark_suite_v8,results/concrete_strength/benchmark_suite_v8/raw/pysr/seed-23.json,True
concrete_strength,raw,pysr,29,success,benchmark_suite_v8,results/concrete_strength/benchmark_suite_v8/raw/pysr/seed-29.json,True
concrete_strength,raw,geneticengine,2,success,benchmark_suite_v8,results/concrete_strength/benchmark_suite_v8/raw/geneticengine/seed-2.json,True
concrete_strength,raw,geneticengine,3,success,benchmark_suite_v8,results/concrete_strength/benchmark_suite_v8/raw/geneticengine/seed-3.json,True
concrete_strength,raw,geneticengine,5,success,benchmark_suite_v8,results/concrete_strength/benchmark_suite_v8/raw/geneticengine/seed-5.json,True
concrete_strength,raw,geneticengine,7,success,benchmark_suite_v8,results/concrete_strength/benchmark_suite_v8/raw/geneticengine/seed-7.json,True
concrete_strength,raw,geneticengine,11,success,benchmark_suite_v8,results/concrete_strength/benchmark_suite_v8/raw/geneticengine/seed-11.json,True
concrete_strength,raw,geneticengine,13,success,benchmark_suite_v8,results/concrete_strength/benchmark_suite_v8/raw/geneticengine/seed-13.json,True
concrete_strength,raw,geneticengine,17,success,benchmark_suite_v8,results/concrete_strength/benchmark_suite_v8/raw/geneticengine/seed-17.json,True
concrete_strength,raw,geneticengine,19,success,benchmark_suite_v8,results/concrete_strength/benchmark_suite_v8/raw/geneticengine/seed-19.json,True
concrete_strength,raw,geneticengine,23,success,benchmark_suite_v8,results/concrete_strength/benchmark_suite_v8/raw/geneticengine/seed-23.json,True
concrete_strength,raw,geneticengine,29,success,benchmark_suite_v8,results/concrete_strength/benchmark_suite_v8/raw/geneticengine/seed-29.json,True
concrete_strength,raw,itea,2,success,benchmark_suite_v8,results/concrete_strength/benchmark_suite_v8/raw/itea/seed-2.json,True
concrete_strength,raw,itea,3,success,benchmark_suite_v8,results/concrete_strength/benchmark_suite_v8/raw/itea/seed-3.json,True
concrete_strength,raw,itea,5,success,benchmark_suite_v8,results/concrete_strength/benchmark_suite_v8/raw/itea/seed-5.json,True
concrete_strength,raw,itea,7,success,benchmark_suite_v8,results/concrete_strength/benchmark_suite_v8/raw/itea/seed-7.json,True
concrete_strength,raw,itea,11,success,benchmark_suite_v8,results/concrete_strength/benchmark_suite_v8/raw/itea/seed-11.json,True
concrete_strength,raw,itea,13,success,benchmark_suite_v8,results/concrete_strength/benchmark_suite_v8/raw/itea/seed-13.json,True
concrete_strength,raw,itea,17,success,benchmark_suite_v8,results/concrete_strength/benchmark_suite_v8/raw/itea/seed-17.json,True
concrete_strength,raw,itea,19,success,benchmark_suite_v8,results/concrete_strength/benchmark_suite_v8/raw/itea/seed-19.json,True
concrete_strength,raw,itea,23,success,benchmark_suite_v8,results/concrete_strength/benchmark_suite_v8/raw/itea/seed-23.json,True
concrete_strength,raw,itea,29,success,benchmark_suite_v8,results/concrete_strength/benchmark_suite_v8/raw/itea/seed-29.json,True
concrete_strength,raw,eql,2,success,benchmark_suite_v8,results/concrete_strength/benchmark_suite_v8/raw/eql/seed-2.json,True
concrete_strength,raw,eql,3,success,benchmark_suite_v8,results/concrete_strength/benchmark_suite_v8/raw/eql/seed-3.json,True
concrete_strength,raw,eql,5,success,benchmark_suite_v8,results/concrete_strength/benchmark_suite_v8/raw/eql/seed-5.json,True
concrete_strength,raw,eql,7,success,benchmark_suite_v8,results/concrete_strength/benchmark_suite_v8/raw/eql/seed-7.json,True
concrete_strength,raw,eql,11,success,benchmark_suite_v8,results/concrete_strength/benchmark_suite_v8/raw/eql/seed-11.json,True
concrete_strength,raw,eql,13,success,benchmark_suite_v8,results/concrete_strength/benchmark_suite_v8/raw/eql/seed-13.json,True
concrete_strength,raw,eql,17,success,benchmark_suite_v8,results/concrete_strength/benchmark_suite_v8/raw/eql/seed-17.json,True
concrete_strength,raw,eql,19,success,benchmark_suite_v8,results/concrete_strength/benchmark_suite_v8/raw/eql/seed-19.json,True
concrete_strength,raw,eql,23,success,benchmark_suite_v8,results/concrete_strength/benchmark_suite_v8/raw/eql/seed-23.json,True
concrete_strength,raw,eql,29,success,benchmark_suite_v8,results/concrete_strength/benchmark_suite_v8/raw/eql/seed-29.json,True
concrete_strength,domain_minmax,gplearn,2,success,benchmark_suite_v8,results/concrete_strength/benchmark_suite_v8/domain_minmax/gplearn/seed-2.json,True
concrete_strength,domain_minmax,gplearn,3,success,benchmark_suite_v8,results/concrete_strength/benchmark_suite_v8/domain_minmax/gplearn/seed-3.json,True
concrete_strength,domain_minmax,gplearn,5,success,benchmark_suite_v8,results/concrete_strength/benchmark_suite_v8/domain_minmax/gplearn/seed-5.json,True
concrete_strength,domain_minmax,gplearn,7,success,benchmark_suite_v8,results/concrete_strength/benchmark_suite_v8/domain_minmax/gplearn/seed-7.json,True
concrete_strength,domain_minmax,gplearn,11,success,benchmark_suite_v8,results/concrete_strength/benchmark_suite_v8/domain_minmax/gplearn/seed-11.json,True
concrete_strength,domain_minmax,gplearn,13,success,benchmark_suite_v8,results/concrete_strength/benchmark_suite_v8/domain_minmax/gplearn/seed-13.json,True
concrete_strength,domain_minmax,gplearn,17,success,benchmark_suite_v8,results/concrete_strength/benchmark_suite_v8/domain_minmax/gplearn/seed-17.json,True
concrete_strength,domain_minmax,gplearn,19,success,benchmark_suite_v8,results/concrete_strength/benchmark_suite_v8/domain_minmax/gplearn/seed-19.json,True
concrete_strength,domain_minmax,gplearn,23,success,benchmark_suite_v8,results/concrete_strength/benchmark_suite_v8/domain_minmax/gplearn/seed-23.json,True
concrete_strength,domain_minmax,gplearn,29,success,benchmark_suite_v8,results/concrete_strength/benchmark_suite_v8/domain_minmax/gplearn/seed-29.json,True
concrete_strength,domain_minmax,operon,2,success,benchmark_suite_v8,results/concrete_strength/benchmark_suite_v8/domain_minmax/operon/seed-2.json,True
concrete_strength,domain_minmax,operon,3,success,benchmark_suite_v8,results/concrete_strength/benchmark_suite_v8/domain_minmax/operon/seed-3.json,True
concrete_strength,domain_minmax,operon,5,success,benchmark_suite_v8,results/concrete_strength/benchmark_suite_v8/domain_minmax/operon/seed-5.json,True
concrete_strength,domain_minmax,operon,7,success,benchmark_suite_v8,results/concrete_strength/benchmark_suite_v8/domain_minmax/operon/seed-7.json,True
concrete_strength,domain_minmax,operon,11,success,benchmark_suite_v8,results/concrete_strength/benchmark_suite_v8/domain_minmax/operon/seed-11.json,True
concrete_strength,domain_minmax,operon,13,success,benchmark_suite_v8,results/concrete_strength/benchmark_suite_v8/domain_minmax/operon/seed-13.json,True
concrete_strength,domain_minmax,operon,17,success,benchmark_suite_v8,results/concrete_strength/benchmark_suite_v8/domain_minmax/operon/seed-17.json,True
concrete_strength,domain_minmax,operon,19,success,benchmark_suite_v8,results/concrete_strength/benchmark_suite_v8/domain_minmax/operon/seed-19.json,True
concrete_strength,domain_minmax,operon,23,success,benchmark_suite_v8,results/concrete_strength/benchmark_suite_v8/domain_minmax/operon/seed-23.json,True
concrete_strength,domain_minmax,operon,29,success,benchmark_suite_v8,results/concrete_strength/benchmark_suite_v8/domain_minmax/operon/seed-29.json,True
concrete_strength,domain_minmax,pysr,2,success,benchmark_suite_v8,results/concrete_strength/benchmark_suite_v8/domain_minmax/pysr/seed-2.json,True
concrete_strength,domain_minmax,pysr,3,success,benchmark_suite_v8,results/concrete_strength/benchmark_suite_v8/domain_minmax/pysr/seed-3.json,True
concrete_strength,domain_minmax,pysr,5,success,benchmark_suite_v8,results/concrete_strength/benchmark_suite_v8/domain_minmax/pysr/seed-5.json,True
concrete_strength,domain_minmax,pysr,7,success,benchmark_suite_v8,results/concrete_strength/benchmark_suite_v8/domain_minmax/pysr/seed-7.json,True
concrete_strength,domain_minmax,pysr,11,success,benchmark_suite_v8,results/concrete_strength/benchmark_suite_v8/domain_minmax/pysr/seed-11.json,True
concrete_strength,domain_minmax,pysr,13,success,benchmark_suite_v8,results/concrete_strength/benchmark_suite_v8/domain_minmax/pysr/seed-13.json,True
concrete_strength,domain_minmax,pysr,17,success,benchmark_suite_v8,results/concrete_strength/benchmark_suite_v8/domain_minmax/pysr/seed-17.json,True
concrete_strength,domain_minmax,pysr,19,success,benchmark_suite_v8,results/concrete_strength/benchmark_suite_v8/domain_minmax/pysr/seed-19.json,True
concrete_strength,domain_minmax,pysr,23,success,benchmark_suite_v8,results/concrete_strength/benchmark_suite_v8/domain_minmax/pysr/seed-23.json,True
concrete_strength,domain_minmax,pysr,29,success,benchmark_suite_v8,results/concrete_strength/benchmark_suite_v8/domain_minmax/pysr/seed-29.json,True
concrete_strength,domain_minmax,geneticengine,2,success,benchmark_suite_v8,results/concrete_strength/benchmark_suite_v8/domain_minmax/geneticengine/seed-2.json,True
concrete_strength,domain_minmax,geneticengine,3,success,benchmark_suite_v8,results/concrete_strength/benchmark_suite_v8/domain_minmax/geneticengine/seed-3.json,True
concrete_strength,domain_minmax,geneticengine,5,success,benchmark_suite_v8,results/concrete_strength/benchmark_suite_v8/domain_minmax/geneticengine/seed-5.json,True
concrete_strength,domain_minmax,geneticengine,7,success,benchmark_suite_v8,results/concrete_strength/benchmark_suite_v8/domain_minmax/geneticengine/seed-7.json,True
concrete_strength,domain_minmax,geneticengine,11,success,benchmark_suite_v8,results/concrete_strength/benchmark_suite_v8/domain_minmax/geneticengine/seed-11.json,True
concrete_strength,domain_minmax,geneticengine,13,success,benchmark_suite_v8,results/concrete_strength/benchmark_suite_v8/domain_minmax/geneticengine/seed-13.json,True
concrete_strength,domain_minmax,geneticengine,17,success,benchmark_suite_v8,results/concrete_strength/benchmark_suite_v8/domain_minmax/geneticengine/seed-17.json,True
concrete_strength,domain_minmax,geneticengine,19,success,benchmark_suite_v8,results/concrete_strength/benchmark_suite_v8/domain_minmax/geneticengine/seed-19.json,True
concrete_strength,domain_minmax,geneticengine,23,success,benchmark_suite_v8,results/concrete_strength/benchmark_suite_v8/domain_minmax/geneticengine/seed-23.json,True
concrete_strength,domain_minmax,geneticengine,29,success,benchmark_suite_v8,results/concrete_strength/benchmark_suite_v8/domain_minmax/geneticengine/seed-29.json,True
concrete_strength,domain_minmax,itea,2,success,benchmark_suite_v8,results/concrete_strength/benchmark_suite_v8/domain_minmax/itea/seed-2.json,True
concrete_strength,domain_minmax,itea,3,success,benchmark_suite_v8,results/concrete_strength/benchmark_suite_v8/domain_minmax/itea/seed-3.json,True
concrete_strength,domain_minmax,itea,5,success,benchmark_suite_v8,results/concrete_strength/benchmark_suite_v8/domain_minmax/itea/seed-5.json,True
concrete_strength,domain_minmax,itea,7,success,benchmark_suite_v8,results/concrete_strength/benchmark_suite_v8/domain_minmax/itea/seed-7.json,True
concrete_strength,domain_minmax,itea,11,success,benchmark_suite_v8,results/concrete_strength/benchmark_suite_v8/domain_minmax/itea/seed-11.json,True
concrete_strength,domain_minmax,itea,13,success,benchmark_suite_v8,results/concrete_strength/benchmark_suite_v8/domain_minmax/itea/seed-13.json,True
concrete_strength,domain_minmax,itea,17,success,benchmark_suite_v8,results/concrete_strength/benchmark_suite_v8/domain_minmax/itea/seed-17.json,True
concrete_strength,domain_minmax,itea,19,success,benchmark_suite_v8,results/concrete_strength/benchmark_suite_v8/domain_minmax/itea/seed-19.json,True
concrete_strength,domain_minmax,itea,23,success,benchmark_suite_v8,results/concrete_strength/benchmark_suite_v8/domain_minmax/itea/seed-23.json,True
concrete_strength,domain_minmax,itea,29,success,benchmark_suite_v8,results/concrete_strength/benchmark_suite_v8/domain_minmax/itea/seed-29.json,True
concrete_strength,domain_minmax,eql,2,success,benchmark_suite_v8,results/concrete_strength/benchmark_suite_v8/domain_minmax/eql/seed-2.json,True
concrete_strength,domain_minmax,eql,3,success,benchmark_suite_v8,results/concrete_strength/benchmark_suite_v8/domain_minmax/eql/seed-3.json,True
concrete_strength,domain_minmax,eql,5,success,benchmark_suite_v8,results/concrete_strength/benchmark_suite_v8/domain_minmax/eql/seed-5.json,True
concrete_strength,domain_minmax,eql,7,success,benchmark_suite_v8,results/concrete_strength/benchmark_suite_v8/domain_minmax/eql/seed-7.json,True
concrete_strength,domain_minmax,eql,11,success,benchmark_suite_v8,results/concrete_strength/benchmark_suite_v8/domain_minmax/eql/seed-11.json,True
concrete_strength,domain_minmax,eql,13,success,benchmark_suite_v8,results/concrete_strength/benchmark_suite_v8/domain_minmax/eql/seed-13.json,True
concrete_strength,domain_minmax,eql,17,success,benchmark_suite_v8,results/concrete_strength/benchmark_suite_v8/domain_minmax/eql/seed-17.json,True
concrete_strength,domain_minmax,eql,19,success,benchmark_suite_v8,results/concrete_strength/benchmark_suite_v8/domain_minmax/eql/seed-19.json,True
concrete_strength,domain_minmax,eql,23,success,benchmark_suite_v8,results/concrete_strength/benchmark_suite_v8/domain_minmax/eql/seed-23.json,True
concrete_strength,domain_minmax,eql,29,success,benchmark_suite_v8,results/concrete_strength/benchmark_suite_v8/domain_minmax/eql/seed-29.json,True
energy_efficiency_heating,raw,gplearn,2,success,benchmark_suite_v9,results/energy_efficiency_heating/benchmark_suite_v9/raw/gplearn/seed-2.json,True
energy_efficiency_heating,raw,gplearn,3,success,benchmark_suite_v9,results/energy_efficiency_heating/benchmark_suite_v9/raw/gplearn/seed-3.json,True
energy_efficiency_heating,raw,gplearn,5,success,benchmark_suite_v9,results/energy_efficiency_heating/benchmark_suite_v9/raw/gplearn/seed-5.json,True
energy_efficiency_heating,raw,gplearn,7,success,benchmark_suite_v9,results/energy_efficiency_heating/benchmark_suite_v9/raw/gplearn/seed-7.json,True
energy_efficiency_heating,raw,gplearn,11,success,benchmark_suite_v9,results/energy_efficiency_heating/benchmark_suite_v9/raw/gplearn/seed-11.json,True
energy_efficiency_heating,raw,gplearn,13,success,benchmark_suite_v9,results/energy_efficiency_heating/benchmark_suite_v9/raw/gplearn/seed-13.json,True
energy_efficiency_heating,raw,gplearn,17,success,benchmark_suite_v9,results/energy_efficiency_heating/benchmark_suite_v9/raw/gplearn/seed-17.json,True
energy_efficiency_heating,raw,gplearn,19,success,benchmark_suite_v9,results/energy_efficiency_heating/benchmark_suite_v9/raw/gplearn/seed-19.json,True
energy_efficiency_heating,raw,gplearn,23,success,benchmark_suite_v9,results/energy_efficiency_heating/benchmark_suite_v9/raw/gplearn/seed-23.json,True
energy_efficiency_heating,raw,gplearn,29,success,benchmark_suite_v9,results/energy_efficiency_heating/benchmark_suite_v9/raw/gplearn/seed-29.json,True
energy_efficiency_heating,raw,operon,2,success,benchmark_suite_v9,results/energy_efficiency_heating/benchmark_suite_v9/raw/operon/seed-2.json,True
energy_efficiency_heating,raw,operon,3,success,benchmark_suite_v9,results/energy_efficiency_heating/benchmark_suite_v9/raw/operon/seed-3.json,True
energy_efficiency_heating,raw,operon,5,success,benchmark_suite_v9,results/energy_efficiency_heating/benchmark_suite_v9/raw/operon/seed-5.json,True
energy_efficiency_heating,raw,operon,7,success,benchmark_suite_v9,results/energy_efficiency_heating/benchmark_suite_v9/raw/operon/seed-7.json,True
energy_efficiency_heating,raw,operon,11,success,benchmark_suite_v9,results/energy_efficiency_heating/benchmark_suite_v9/raw/operon/seed-11.json,True
energy_efficiency_heating,raw,operon,13,success,benchmark_suite_v9,results/energy_efficiency_heating/benchmark_suite_v9/raw/operon/seed-13.json,True
energy_efficiency_heating,raw,operon,17,success,benchmark_suite_v9,results/energy_efficiency_heating/benchmark_suite_v9/raw/operon/seed-17.json,True
energy_efficiency_heating,raw,operon,19,success,benchmark_suite_v9,results/energy_efficiency_heating/benchmark_suite_v9/raw/operon/seed-19.json,True
energy_efficiency_heating,raw,operon,23,success,benchmark_suite_v9,results/energy_efficiency_heating/benchmark_suite_v9/raw/operon/seed-23.json,True
energy_efficiency_heating,raw,operon,29,success,benchmark_suite_v9,results/energy_efficiency_heating/benchmark_suite_v9/raw/operon/seed-29.json,True
energy_efficiency_heating,raw,pysr,2,success,benchmark_suite_v9,results/energy_efficiency_heating/benchmark_suite_v9/raw/pysr/seed-2.json,True
energy_efficiency_heating,raw,pysr,3,success,benchmark_suite_v9,results/energy_efficiency_heating/benchmark_suite_v9/raw/pysr/seed-3.json,True
energy_efficiency_heating,raw,pysr,5,success,benchmark_suite_v9,results/energy_efficiency_heating/benchmark_suite_v9/raw/pysr/seed-5.json,True
energy_efficiency_heating,raw,pysr,7,success,benchmark_suite_v9,results/energy_efficiency_heating/benchmark_suite_v9/raw/pysr/seed-7.json,True
energy_efficiency_heating,raw,pysr,11,success,benchmark_suite_v9,results/energy_efficiency_heating/benchmark_suite_v9/raw/pysr/seed-11.json,True
energy_efficiency_heating,raw,pysr,13,success,benchmark_suite_v9,results/energy_efficiency_heating/benchmark_suite_v9/raw/pysr/seed-13.json,True
energy_efficiency_heating,raw,pysr,17,success,benchmark_suite_v9,results/energy_efficiency_heating/benchmark_suite_v9/raw/pysr/seed-17.json,True
energy_efficiency_heating,raw,pysr,19,success,benchmark_suite_v9,results/energy_efficiency_heating/benchmark_suite_v9/raw/pysr/seed-19.json,True
energy_efficiency_heating,raw,pysr,23,success,benchmark_suite_v9,results/energy_efficiency_heating/benchmark_suite_v9/raw/pysr/seed-23.json,True
energy_efficiency_heating,raw,pysr,29,success,benchmark_suite_v9,results/energy_efficiency_heating/benchmark_suite_v9/raw/pysr/seed-29.json,True
energy_efficiency_heating,raw,geneticengine,2,success,benchmark_suite_v9,results/energy_efficiency_heating/benchmark_suite_v9/raw/geneticengine/seed-2.json,True
energy_efficiency_heating,raw,geneticengine,3,success,benchmark_suite_v9,results/energy_efficiency_heating/benchmark_suite_v9/raw/geneticengine/seed-3.json,True
energy_efficiency_heating,raw,geneticengine,5,success,benchmark_suite_v9,results/energy_efficiency_heating/benchmark_suite_v9/raw/geneticengine/seed-5.json,True
energy_efficiency_heating,raw,geneticengine,7,success,benchmark_suite_v9,results/energy_efficiency_heating/benchmark_suite_v9/raw/geneticengine/seed-7.json,True
energy_efficiency_heating,raw,geneticengine,11,success,benchmark_suite_v9,results/energy_efficiency_heating/benchmark_suite_v9/raw/geneticengine/seed-11.json,True
energy_efficiency_heating,raw,geneticengine,13,success,benchmark_suite_v9,results/energy_efficiency_heating/benchmark_suite_v9/raw/geneticengine/seed-13.json,True
energy_efficiency_heating,raw,geneticengine,17,success,benchmark_suite_v9,results/energy_efficiency_heating/benchmark_suite_v9/raw/geneticengine/seed-17.json,True
energy_efficiency_heating,raw,geneticengine,19,success,benchmark_suite_v9,results/energy_efficiency_heating/benchmark_suite_v9/raw/geneticengine/seed-19.json,True
energy_efficiency_heating,raw,geneticengine,23,success,benchmark_suite_v9,results/energy_efficiency_heating/benchmark_suite_v9/raw/geneticengine/seed-23.json,True
energy_efficiency_heating,raw,geneticengine,29,success,benchmark_suite_v9,results/energy_efficiency_heating/benchmark_suite_v9/raw/geneticengine/seed-29.json,True
energy_efficiency_heating,raw,itea,2,success,benchmark_suite_v9,results/energy_efficiency_heating/benchmark_suite_v9/raw/itea/seed-2.json,True
energy_efficiency_heating,raw,itea,3,success,benchmark_suite_v9,results/energy_efficiency_heating/benchmark_suite_v9/raw/itea/seed-3.json,True
energy_efficiency_heating,raw,itea,5,success,benchmark_suite_v9,results/energy_efficiency_heating/benchmark_suite_v9/raw/itea/seed-5.json,True
energy_efficiency_heating,raw,itea,7,success,benchmark_suite_v9,results/energy_efficiency_heating/benchmark_suite_v9/raw/itea/seed-7.json,True
energy_efficiency_heating,raw,itea,11,success,benchmark_suite_v9,results/energy_efficiency_heating/benchmark_suite_v9/raw/itea/seed-11.json,True
energy_efficiency_heating,raw,itea,13,success,benchmark_suite_v9,results/energy_efficiency_heating/benchmark_suite_v9/raw/itea/seed-13.json,True
energy_efficiency_heating,raw,itea,17,success,benchmark_suite_v9,results/energy_efficiency_heating/benchmark_suite_v9/raw/itea/seed-17.json,True
energy_efficiency_heating,raw,itea,19,success,benchmark_suite_v9,results/energy_efficiency_heating/benchmark_suite_v9/raw/itea/seed-19.json,True
energy_efficiency_heating,raw,itea,23,success,benchmark_suite_v9,results/energy_efficiency_heating/benchmark_suite_v9/raw/itea/seed-23.json,True
energy_efficiency_heating,raw,itea,29,success,benchmark_suite_v9,results/energy_efficiency_heating/benchmark_suite_v9/raw/itea/seed-29.json,True
energy_efficiency_heating,raw,eql,2,success,benchmark_suite_v9,results/energy_efficiency_heating/benchmark_suite_v9/raw/eql/seed-2.json,True
energy_efficiency_heating,raw,eql,3,success,benchmark_suite_v9,results/energy_efficiency_heating/benchmark_suite_v9/raw/eql/seed-3.json,True
energy_efficiency_heating,raw,eql,5,success,benchmark_suite_v9,results/energy_efficiency_heating/benchmark_suite_v9/raw/eql/seed-5.json,True
energy_efficiency_heating,raw,eql,7,success,benchmark_suite_v9,results/energy_efficiency_heating/benchmark_suite_v9/raw/eql/seed-7.json,True
energy_efficiency_heating,raw,eql,11,success,benchmark_suite_v9,results/energy_efficiency_heating/benchmark_suite_v9/raw/eql/seed-11.json,True
energy_efficiency_heating,raw,eql,13,success,benchmark_suite_v9,results/energy_efficiency_heating/benchmark_suite_v9/raw/eql/seed-13.json,True
energy_efficiency_heating,raw,eql,17,success,benchmark_suite_v9,results/energy_efficiency_heating/benchmark_suite_v9/raw/eql/seed-17.json,True
energy_efficiency_heating,raw,eql,19,success,benchmark_suite_v9,results/energy_efficiency_heating/benchmark_suite_v9/raw/eql/seed-19.json,True
energy_efficiency_heating,raw,eql,23,success,benchmark_suite_v9,results/energy_efficiency_heating/benchmark_suite_v9/raw/eql/seed-23.json,True
energy_efficiency_heating,raw,eql,29,success,benchmark_suite_v9,results/energy_efficiency_heating/benchmark_suite_v9/raw/eql/seed-29.json,True
energy_efficiency_heating,domain_minmax,gplearn,2,success,benchmark_suite_v9,results/energy_efficiency_heating/benchmark_suite_v9/domain_minmax/gplearn/seed-2.json,True
energy_efficiency_heating,domain_minmax,gplearn,3,success,benchmark_suite_v9,results/energy_efficiency_heating/benchmark_suite_v9/domain_minmax/gplearn/seed-3.json,True
energy_efficiency_heating,domain_minmax,gplearn,5,success,benchmark_suite_v9,results/energy_efficiency_heating/benchmark_suite_v9/domain_minmax/gplearn/seed-5.json,True
energy_efficiency_heating,domain_minmax,gplearn,7,success,benchmark_suite_v9,results/energy_efficiency_heating/benchmark_suite_v9/domain_minmax/gplearn/seed-7.json,True
energy_efficiency_heating,domain_minmax,gplearn,11,success,benchmark_suite_v9,results/energy_efficiency_heating/benchmark_suite_v9/domain_minmax/gplearn/seed-11.json,True
energy_efficiency_heating,domain_minmax,gplearn,13,success,benchmark_suite_v9,results/energy_efficiency_heating/benchmark_suite_v9/domain_minmax/gplearn/seed-13.json,True
energy_efficiency_heating,domain_minmax,gplearn,17,success,benchmark_suite_v9,results/energy_efficiency_heating/benchmark_suite_v9/domain_minmax/gplearn/seed-17.json,True
energy_efficiency_heating,domain_minmax,gplearn,19,success,benchmark_suite_v9,results/energy_efficiency_heating/benchmark_suite_v9/domain_minmax/gplearn/seed-19.json,True
energy_efficiency_heating,domain_minmax,gplearn,23,success,benchmark_suite_v9,results/energy_efficiency_heating/benchmark_suite_v9/domain_minmax/gplearn/seed-23.json,True
energy_efficiency_heating,domain_minmax,gplearn,29,success,benchmark_suite_v9,results/energy_efficiency_heating/benchmark_suite_v9/domain_minmax/gplearn/seed-29.json,True
energy_efficiency_heating,domain_minmax,operon,2,success,benchmark_suite_v9,results/energy_efficiency_heating/benchmark_suite_v9/domain_minmax/operon/seed-2.json,True
energy_efficiency_heating,domain_minmax,operon,3,success,benchmark_suite_v9,results/energy_efficiency_heating/benchmark_suite_v9/domain_minmax/operon/seed-3.json,True
energy_efficiency_heating,domain_minmax,operon,5,success,benchmark_suite_v9,results/energy_efficiency_heating/benchmark_suite_v9/domain_minmax/operon/seed-5.json,True
energy_efficiency_heating,domain_minmax,operon,7,success,benchmark_suite_v9,results/energy_efficiency_heating/benchmark_suite_v9/domain_minmax/operon/seed-7.json,True
energy_efficiency_heating,domain_minmax,operon,11,success,benchmark_suite_v9,results/energy_efficiency_heating/benchmark_suite_v9/domain_minmax/operon/seed-11.json,True
energy_efficiency_heating,domain_minmax,operon,13,success,benchmark_suite_v9,results/energy_efficiency_heating/benchmark_suite_v9/domain_minmax/operon/seed-13.json,True
energy_efficiency_heating,domain_minmax,operon,17,success,benchmark_suite_v9,results/energy_efficiency_heating/benchmark_suite_v9/domain_minmax/operon/seed-17.json,True
energy_efficiency_heating,domain_minmax,operon,19,success,benchmark_suite_v9,results/energy_efficiency_heating/benchmark_suite_v9/domain_minmax/operon/seed-19.json,True
energy_efficiency_heating,domain_minmax,operon,23,success,benchmark_suite_v9,results/energy_efficiency_heating/benchmark_suite_v9/domain_minmax/operon/seed-23.json,True
energy_efficiency_heating,domain_minmax,operon,29,success,benchmark_suite_v9,results/energy_efficiency_heating/benchmark_suite_v9/domain_minmax/operon/seed-29.json,True
energy_efficiency_heating,domain_minmax,pysr,2,success,benchmark_suite_v9,results/energy_efficiency_heating/benchmark_suite_v9/domain_minmax/pysr/seed-2.json,True
energy_efficiency_heating,domain_minmax,pysr,3,success,benchmark_suite_v9,results/energy_efficiency_heating/benchmark_suite_v9/domain_minmax/pysr/seed-3.json,True
energy_efficiency_heating,domain_minmax,pysr,5,success,benchmark_suite_v9,results/energy_efficiency_heating/benchmark_suite_v9/domain_minmax/pysr/seed-5.json,True
energy_efficiency_heating,domain_minmax,pysr,7,success,benchmark_suite_v9,results/energy_efficiency_heating/benchmark_suite_v9/domain_minmax/pysr/seed-7.json,True
energy_efficiency_heating,domain_minmax,pysr,11,success,benchmark_suite_v9,results/energy_efficiency_heating/benchmark_suite_v9/domain_minmax/pysr/seed-11.json,True
energy_efficiency_heating,domain_minmax,pysr,13,success,benchmark_suite_v9,results/energy_efficiency_heating/benchmark_suite_v9/domain_minmax/pysr/seed-13.json,True
energy_efficiency_heating,domain_minmax,pysr,17,success,benchmark_suite_v9,results/energy_efficiency_heating/benchmark_suite_v9/domain_minmax/pysr/seed-17.json,True
energy_efficiency_heating,domain_minmax,pysr,19,success,benchmark_suite_v9,results/energy_efficiency_heating/benchmark_suite_v9/domain_minmax/pysr/seed-19.json,True
energy_efficiency_heating,domain_minmax,pysr,23,success,benchmark_suite_v9,results/energy_efficiency_heating/benchmark_suite_v9/domain_minmax/pysr/seed-23.json,True
energy_efficiency_heating,domain_minmax,pysr,29,success,benchmark_suite_v9,results/energy_efficiency_heating/benchmark_suite_v9/domain_minmax/pysr/seed-29.json,True
energy_efficiency_heating,domain_minmax,geneticengine,2,success,benchmark_suite_v9,results/energy_efficiency_heating/benchmark_suite_v9/domain_minmax/geneticengine/seed-2.json,True
energy_efficiency_heating,domain_minmax,geneticengine,3,success,benchmark_suite_v9,results/energy_efficiency_heating/benchmark_suite_v9/domain_minmax/geneticengine/seed-3.json,True
energy_efficiency_heating,domain_minmax,geneticengine,5,success,benchmark_suite_v9,results/energy_efficiency_heating/benchmark_suite_v9/domain_minmax/geneticengine/seed-5.json,True
energy_efficiency_heating,domain_minmax,geneticengine,7,success,benchmark_suite_v9,results/energy_efficiency_heating/benchmark_suite_v9/domain_minmax/geneticengine/seed-7.json,True
energy_efficiency_heating,domain_minmax,geneticengine,11,success,benchmark_suite_v9,results/energy_efficiency_heating/benchmark_suite_v9/domain_minmax/geneticengine/seed-11.json,True
energy_efficiency_heating,domain_minmax,geneticengine,13,success,benchmark_suite_v9,results/energy_efficiency_heating/benchmark_suite_v9/domain_minmax/geneticengine/seed-13.json,True
energy_efficiency_heating,domain_minmax,geneticengine,17,success,benchmark_suite_v9,results/energy_efficiency_heating/benchmark_suite_v9/domain_minmax/geneticengine/seed-17.json,True
energy_efficiency_heating,domain_minmax,geneticengine,19,success,benchmark_suite_v9,results/energy_efficiency_heating/benchmark_suite_v9/domain_minmax/geneticengine/seed-19.json,True
energy_efficiency_heating,domain_minmax,geneticengine,23,success,benchmark_suite_v9,results/energy_efficiency_heating/benchmark_suite_v9/domain_minmax/geneticengine/seed-23.json,True
energy_efficiency_heating,domain_minmax,geneticengine,29,success,benchmark_suite_v9,results/energy_efficiency_heating/benchmark_suite_v9/domain_minmax/geneticengine/seed-29.json,True
energy_efficiency_heating,domain_minmax,itea,2,success,benchmark_suite_v9,results/energy_efficiency_heating/benchmark_suite_v9/domain_minmax/itea/seed-2.json,True
energy_efficiency_heating,domain_minmax,itea,3,success,benchmark_suite_v9,results/energy_efficiency_heating/benchmark_suite_v9/domain_minmax/itea/seed-3.json,True
energy_efficiency_heating,domain_minmax,itea,5,success,benchmark_suite_v9,results/energy_efficiency_heating/benchmark_suite_v9/domain_minmax/itea/seed-5.json,True
energy_efficiency_heating,domain_minmax,itea,7,success,benchmark_suite_v9,results/energy_efficiency_heating/benchmark_suite_v9/domain_minmax/itea/seed-7.json,True
energy_efficiency_heating,domain_minmax,itea,11,success,benchmark_suite_v9,results/energy_efficiency_heating/benchmark_suite_v9/domain_minmax/itea/seed-11.json,True
energy_efficiency_heating,domain_minmax,itea,13,success,benchmark_suite_v9,results/energy_efficiency_heating/benchmark_suite_v9/domain_minmax/itea/seed-13.json,True
energy_efficiency_heating,domain_minmax,itea,17,success,benchmark_suite_v9,results/energy_efficiency_heating/benchmark_suite_v9/domain_minmax/itea/seed-17.json,True
energy_efficiency_heating,domain_minmax,itea,19,success,benchmark_suite_v9,results/energy_efficiency_heating/benchmark_suite_v9/domain_minmax/itea/seed-19.json,True
energy_efficiency_heating,domain_minmax,itea,23,success,benchmark_suite_v9,results/energy_efficiency_heating/benchmark_suite_v9/domain_minmax/itea/seed-23.json,True
energy_efficiency_heating,domain_minmax,itea,29,success,benchmark_suite_v9,results/energy_efficiency_heating/benchmark_suite_v9/domain_minmax/itea/seed-29.json,True
energy_efficiency_heating,domain_minmax,eql,2,success,benchmark_suite_v9,results/energy_efficiency_heating/benchmark_suite_v9/domain_minmax/eql/seed-2.json,True
energy_efficiency_heating,domain_minmax,eql,3,success,benchmark_suite_v9,results/energy_efficiency_heating/benchmark_suite_v9/domain_minmax/eql/seed-3.json,True
energy_efficiency_heating,domain_minmax,eql,5,success,benchmark_suite_v9,results/energy_efficiency_heating/benchmark_suite_v9/domain_minmax/eql/seed-5.json,True
energy_efficiency_heating,domain_minmax,eql,7,success,benchmark_suite_v9,results/energy_efficiency_heating/benchmark_suite_v9/domain_minmax/eql/seed-7.json,True
energy_efficiency_heating,domain_minmax,eql,11,success,benchmark_suite_v9,results/energy_efficiency_heating/benchmark_suite_v9/domain_minmax/eql/seed-11.json,True
energy_efficiency_heating,domain_minmax,eql,13,success,benchmark_suite_v9,results/energy_efficiency_heating/benchmark_suite_v9/domain_minmax/eql/seed-13.json,True
energy_efficiency_heating,domain_minmax,eql,17,success,benchmark_suite_v9,results/energy_efficiency_heating/benchmark_suite_v9/domain_minmax/eql/seed-17.json,True
energy_efficiency_heating,domain_minmax,eql,19,success,benchmark_suite_v9,results/energy_efficiency_heating/benchmark_suite_v9/domain_minmax/eql/seed-19.json,True
energy_efficiency_heating,domain_minmax,eql,23,success,benchmark_suite_v9,results/energy_efficiency_heating/benchmark_suite_v9/domain_minmax/eql/seed-23.json,True
energy_efficiency_heating,domain_minmax,eql,29,success,benchmark_suite_v9,results/energy_efficiency_heating/benchmark_suite_v9/domain_minmax/eql/seed-29.json,True
airfoil_self_noise,raw,gplearn,2,success,benchmark_suite_v10,results/airfoil_self_noise/benchmark_suite_v10/raw/gplearn/seed-2.json,True
airfoil_self_noise,raw,gplearn,3,success,benchmark_suite_v10,results/airfoil_self_noise/benchmark_suite_v10/raw/gplearn/seed-3.json,True
airfoil_self_noise,raw,gplearn,5,success,benchmark_suite_v10,results/airfoil_self_noise/benchmark_suite_v10/raw/gplearn/seed-5.json,True
airfoil_self_noise,raw,gplearn,7,success,benchmark_suite_v10,results/airfoil_self_noise/benchmark_suite_v10/raw/gplearn/seed-7.json,True
airfoil_self_noise,raw,gplearn,11,success,benchmark_suite_v10,results/airfoil_self_noise/benchmark_suite_v10/raw/gplearn/seed-11.json,True
airfoil_self_noise,raw,gplearn,13,success,benchmark_suite_v10,results/airfoil_self_noise/benchmark_suite_v10/raw/gplearn/seed-13.json,True
airfoil_self_noise,raw,gplearn,17,success,benchmark_suite_v10,results/airfoil_self_noise/benchmark_suite_v10/raw/gplearn/seed-17.json,True
airfoil_self_noise,raw,gplearn,19,success,benchmark_suite_v10,results/airfoil_self_noise/benchmark_suite_v10/raw/gplearn/seed-19.json,True
airfoil_self_noise,raw,gplearn,23,success,benchmark_suite_v10,results/airfoil_self_noise/benchmark_suite_v10/raw/gplearn/seed-23.json,True
airfoil_self_noise,raw,gplearn,29,success,benchmark_suite_v10,results/airfoil_self_noise/benchmark_suite_v10/raw/gplearn/seed-29.json,True
airfoil_self_noise,raw,operon,2,success,benchmark_suite_v10,results/airfoil_self_noise/benchmark_suite_v10/raw/operon/seed-2.json,True
airfoil_self_noise,raw,operon,3,success,benchmark_suite_v10,results/airfoil_self_noise/benchmark_suite_v10/raw/operon/seed-3.json,True
airfoil_self_noise,raw,operon,5,success,benchmark_suite_v10,results/airfoil_self_noise/benchmark_suite_v10/raw/operon/seed-5.json,True
airfoil_self_noise,raw,operon,7,success,benchmark_suite_v10,results/airfoil_self_noise/benchmark_suite_v10/raw/operon/seed-7.json,True
airfoil_self_noise,raw,operon,11,success,benchmark_suite_v10,results/airfoil_self_noise/benchmark_suite_v10/raw/operon/seed-11.json,True
airfoil_self_noise,raw,operon,13,success,benchmark_suite_v10,results/airfoil_self_noise/benchmark_suite_v10/raw/operon/seed-13.json,True
airfoil_self_noise,raw,operon,17,success,benchmark_suite_v10,results/airfoil_self_noise/benchmark_suite_v10/raw/operon/seed-17.json,True
airfoil_self_noise,raw,operon,19,success,benchmark_suite_v10,results/airfoil_self_noise/benchmark_suite_v10/raw/operon/seed-19.json,True
airfoil_self_noise,raw,operon,23,success,benchmark_suite_v10,results/airfoil_self_noise/benchmark_suite_v10/raw/operon/seed-23.json,True
airfoil_self_noise,raw,operon,29,success,benchmark_suite_v10,results/airfoil_self_noise/benchmark_suite_v10/raw/operon/seed-29.json,True
airfoil_self_noise,raw,pysr,2,success,benchmark_suite_v10,results/airfoil_self_noise/benchmark_suite_v10/raw/pysr/seed-2.json,True
airfoil_self_noise,raw,pysr,3,success,benchmark_suite_v10,results/airfoil_self_noise/benchmark_suite_v10/raw/pysr/seed-3.json,True
airfoil_self_noise,raw,pysr,5,success,benchmark_suite_v10,results/airfoil_self_noise/benchmark_suite_v10/raw/pysr/seed-5.json,True
airfoil_self_noise,raw,pysr,7,success,benchmark_suite_v10,results/airfoil_self_noise/benchmark_suite_v10/raw/pysr/seed-7.json,True
airfoil_self_noise,raw,pysr,11,success,benchmark_suite_v10,results/airfoil_self_noise/benchmark_suite_v10/raw/pysr/seed-11.json,True
airfoil_self_noise,raw,pysr,13,success,benchmark_suite_v10,results/airfoil_self_noise/benchmark_suite_v10/raw/pysr/seed-13.json,True
airfoil_self_noise,raw,pysr,17,success,benchmark_suite_v10,results/airfoil_self_noise/benchmark_suite_v10/raw/pysr/seed-17.json,True
airfoil_self_noise,raw,pysr,19,success,benchmark_suite_v10,results/airfoil_self_noise/benchmark_suite_v10/raw/pysr/seed-19.json,True
airfoil_self_noise,raw,pysr,23,success,benchmark_suite_v10,results/airfoil_self_noise/benchmark_suite_v10/raw/pysr/seed-23.json,True
airfoil_self_noise,raw,pysr,29,success,benchmark_suite_v10,results/airfoil_self_noise/benchmark_suite_v10/raw/pysr/seed-29.json,True
airfoil_self_noise,raw,geneticengine,2,success,benchmark_suite_v10,results/airfoil_self_noise/benchmark_suite_v10/raw/geneticengine/seed-2.json,True
airfoil_self_noise,raw,geneticengine,3,success,benchmark_suite_v10,results/airfoil_self_noise/benchmark_suite_v10/raw/geneticengine/seed-3.json,True
airfoil_self_noise,raw,geneticengine,5,success,benchmark_suite_v10,results/airfoil_self_noise/benchmark_suite_v10/raw/geneticengine/seed-5.json,True
airfoil_self_noise,raw,geneticengine,7,success,benchmark_suite_v10,results/airfoil_self_noise/benchmark_suite_v10/raw/geneticengine/seed-7.json,True
airfoil_self_noise,raw,geneticengine,11,success,benchmark_suite_v10,results/airfoil_self_noise/benchmark_suite_v10/raw/geneticengine/seed-11.json,True
airfoil_self_noise,raw,geneticengine,13,success,benchmark_suite_v10,results/airfoil_self_noise/benchmark_suite_v10/raw/geneticengine/seed-13.json,True
airfoil_self_noise,raw,geneticengine,17,success,benchmark_suite_v10,results/airfoil_self_noise/benchmark_suite_v10/raw/geneticengine/seed-17.json,True
airfoil_self_noise,raw,geneticengine,19,success,benchmark_suite_v10,results/airfoil_self_noise/benchmark_suite_v10/raw/geneticengine/seed-19.json,True
airfoil_self_noise,raw,geneticengine,23,success,benchmark_suite_v10,results/airfoil_self_noise/benchmark_suite_v10/raw/geneticengine/seed-23.json,True
airfoil_self_noise,raw,geneticengine,29,success,benchmark_suite_v10,results/airfoil_self_noise/benchmark_suite_v10/raw/geneticengine/seed-29.json,True
airfoil_self_noise,raw,itea,2,success,benchmark_suite_v10,results/airfoil_self_noise/benchmark_suite_v10/raw/itea/seed-2.json,True
airfoil_self_noise,raw,itea,3,success,benchmark_suite_v10,results/airfoil_self_noise/benchmark_suite_v10/raw/itea/seed-3.json,True
airfoil_self_noise,raw,itea,5,success,benchmark_suite_v10,results/airfoil_self_noise/benchmark_suite_v10/raw/itea/seed-5.json,True
airfoil_self_noise,raw,itea,7,success,benchmark_suite_v10,results/airfoil_self_noise/benchmark_suite_v10/raw/itea/seed-7.json,True
airfoil_self_noise,raw,itea,11,success,benchmark_suite_v10,results/airfoil_self_noise/benchmark_suite_v10/raw/itea/seed-11.json,True
airfoil_self_noise,raw,itea,13,success,benchmark_suite_v10,results/airfoil_self_noise/benchmark_suite_v10/raw/itea/seed-13.json,True
airfoil_self_noise,raw,itea,17,success,benchmark_suite_v10,results/airfoil_self_noise/benchmark_suite_v10/raw/itea/seed-17.json,True
airfoil_self_noise,raw,itea,19,success,benchmark_suite_v10,results/airfoil_self_noise/benchmark_suite_v10/raw/itea/seed-19.json,True
airfoil_self_noise,raw,itea,23,success,benchmark_suite_v10,results/airfoil_self_noise/benchmark_suite_v10/raw/itea/seed-23.json,True
airfoil_self_noise,raw,itea,29,success,benchmark_suite_v10,results/airfoil_self_noise/benchmark_suite_v10/raw/itea/seed-29.json,True
airfoil_self_noise,raw,eql,2,success,benchmark_suite_v10,results/airfoil_self_noise/benchmark_suite_v10/raw/eql/seed-2.json,True
airfoil_self_noise,raw,eql,3,success,benchmark_suite_v10,results/airfoil_self_noise/benchmark_suite_v10/raw/eql/seed-3.json,True
airfoil_self_noise,raw,eql,5,success,benchmark_suite_v10,results/airfoil_self_noise/benchmark_suite_v10/raw/eql/seed-5.json,True
airfoil_self_noise,raw,eql,7,success,benchmark_suite_v10,results/airfoil_self_noise/benchmark_suite_v10/raw/eql/seed-7.json,True
airfoil_self_noise,raw,eql,11,success,benchmark_suite_v10,results/airfoil_self_noise/benchmark_suite_v10/raw/eql/seed-11.json,True
airfoil_self_noise,raw,eql,13,success,benchmark_suite_v10,results/airfoil_self_noise/benchmark_suite_v10/raw/eql/seed-13.json,True
airfoil_self_noise,raw,eql,17,success,benchmark_suite_v10,results/airfoil_self_noise/benchmark_suite_v10/raw/eql/seed-17.json,True
airfoil_self_noise,raw,eql,19,success,benchmark_suite_v10,results/airfoil_self_noise/benchmark_suite_v10/raw/eql/seed-19.json,True
airfoil_self_noise,raw,eql,23,success,benchmark_suite_v10,results/airfoil_self_noise/benchmark_suite_v10/raw/eql/seed-23.json,True
airfoil_self_noise,raw,eql,29,success,benchmark_suite_v10,results/airfoil_self_noise/benchmark_suite_v10/raw/eql/seed-29.json,True
airfoil_self_noise,domain_minmax,gplearn,2,success,benchmark_suite_v10,results/airfoil_self_noise/benchmark_suite_v10/domain_minmax/gplearn/seed-2.json,True
airfoil_self_noise,domain_minmax,gplearn,3,success,benchmark_suite_v10,results/airfoil_self_noise/benchmark_suite_v10/domain_minmax/gplearn/seed-3.json,True
airfoil_self_noise,domain_minmax,gplearn,5,success,benchmark_suite_v10,results/airfoil_self_noise/benchmark_suite_v10/domain_minmax/gplearn/seed-5.json,True
airfoil_self_noise,domain_minmax,gplearn,7,success,benchmark_suite_v10,results/airfoil_self_noise/benchmark_suite_v10/domain_minmax/gplearn/seed-7.json,True
airfoil_self_noise,domain_minmax,gplearn,11,success,benchmark_suite_v10,results/airfoil_self_noise/benchmark_suite_v10/domain_minmax/gplearn/seed-11.json,True
airfoil_self_noise,domain_minmax,gplearn,13,success,benchmark_suite_v10,results/airfoil_self_noise/benchmark_suite_v10/domain_minmax/gplearn/seed-13.json,True
airfoil_self_noise,domain_minmax,gplearn,17,success,benchmark_suite_v10,results/airfoil_self_noise/benchmark_suite_v10/domain_minmax/gplearn/seed-17.json,True
airfoil_self_noise,domain_minmax,gplearn,19,success,benchmark_suite_v10,results/airfoil_self_noise/benchmark_suite_v10/domain_minmax/gplearn/seed-19.json,True
airfoil_self_noise,domain_minmax,gplearn,23,success,benchmark_suite_v10,results/airfoil_self_noise/benchmark_suite_v10/domain_minmax/gplearn/seed-23.json,True
airfoil_self_noise,domain_minmax,gplearn,29,success,benchmark_suite_v10,results/airfoil_self_noise/benchmark_suite_v10/domain_minmax/gplearn/seed-29.json,True
airfoil_self_noise,domain_minmax,operon,2,success,benchmark_suite_v10,results/airfoil_self_noise/benchmark_suite_v10/domain_minmax/operon/seed-2.json,True
airfoil_self_noise,domain_minmax,operon,3,success,benchmark_suite_v10,results/airfoil_self_noise/benchmark_suite_v10/domain_minmax/operon/seed-3.json,True
airfoil_self_noise,domain_minmax,operon,5,success,benchmark_suite_v10,results/airfoil_self_noise/benchmark_suite_v10/domain_minmax/operon/seed-5.json,True
airfoil_self_noise,domain_minmax,operon,7,success,benchmark_suite_v10,results/airfoil_self_noise/benchmark_suite_v10/domain_minmax/operon/seed-7.json,True
airfoil_self_noise,domain_minmax,operon,11,success,benchmark_suite_v10,results/airfoil_self_noise/benchmark_suite_v10/domain_minmax/operon/seed-11.json,True
airfoil_self_noise,domain_minmax,operon,13,success,benchmark_suite_v10,results/airfoil_self_noise/benchmark_suite_v10/domain_minmax/operon/seed-13.json,True
airfoil_self_noise,domain_minmax,operon,17,success,benchmark_suite_v10,results/airfoil_self_noise/benchmark_suite_v10/domain_minmax/operon/seed-17.json,True
airfoil_self_noise,domain_minmax,operon,19,success,benchmark_suite_v10,results/airfoil_self_noise/benchmark_suite_v10/domain_minmax/operon/seed-19.json,True
airfoil_self_noise,domain_minmax,operon,23,success,benchmark_suite_v10,results/airfoil_self_noise/benchmark_suite_v10/domain_minmax/operon/seed-23.json,True
airfoil_self_noise,domain_minmax,operon,29,success,benchmark_suite_v10,results/airfoil_self_noise/benchmark_suite_v10/domain_minmax/operon/seed-29.json,True
airfoil_self_noise,domain_minmax,pysr,2,success,benchmark_suite_v10,results/airfoil_self_noise/benchmark_suite_v10/domain_minmax/pysr/seed-2.json,True
airfoil_self_noise,domain_minmax,pysr,3,success,benchmark_suite_v10,results/airfoil_self_noise/benchmark_suite_v10/domain_minmax/pysr/seed-3.json,True
airfoil_self_noise,domain_minmax,pysr,5,success,benchmark_suite_v10,results/airfoil_self_noise/benchmark_suite_v10/domain_minmax/pysr/seed-5.json,True
airfoil_self_noise,domain_minmax,pysr,7,success,benchmark_suite_v10,results/airfoil_self_noise/benchmark_suite_v10/domain_minmax/pysr/seed-7.json,True
airfoil_self_noise,domain_minmax,pysr,11,success,benchmark_suite_v10,results/airfoil_self_noise/benchmark_suite_v10/domain_minmax/pysr/seed-11.json,True
airfoil_self_noise,domain_minmax,pysr,13,success,benchmark_suite_v10,results/airfoil_self_noise/benchmark_suite_v10/domain_minmax/pysr/seed-13.json,True
airfoil_self_noise,domain_minmax,pysr,17,success,benchmark_suite_v10,results/airfoil_self_noise/benchmark_suite_v10/domain_minmax/pysr/seed-17.json,True
airfoil_self_noise,domain_minmax,pysr,19,success,benchmark_suite_v10,results/airfoil_self_noise/benchmark_suite_v10/domain_minmax/pysr/seed-19.json,True
airfoil_self_noise,domain_minmax,pysr,23,success,benchmark_suite_v10,results/airfoil_self_noise/benchmark_suite_v10/domain_minmax/pysr/seed-23.json,True
airfoil_self_noise,domain_minmax,pysr,29,success,benchmark_suite_v10,results/airfoil_self_noise/benchmark_suite_v10/domain_minmax/pysr/seed-29.json,True
airfoil_self_noise,domain_minmax,geneticengine,2,success,benchmark_suite_v10,results/airfoil_self_noise/benchmark_suite_v10/domain_minmax/geneticengine/seed-2.json,True
airfoil_self_noise,domain_minmax,geneticengine,3,success,benchmark_suite_v10,results/airfoil_self_noise/benchmark_suite_v10/domain_minmax/geneticengine/seed-3.json,True
airfoil_self_noise,domain_minmax,geneticengine,5,success,benchmark_suite_v10,results/airfoil_self_noise/benchmark_suite_v10/domain_minmax/geneticengine/seed-5.json,True
airfoil_self_noise,domain_minmax,geneticengine,7,success,benchmark_suite_v10,results/airfoil_self_noise/benchmark_suite_v10/domain_minmax/geneticengine/seed-7.json,True
airfoil_self_noise,domain_minmax,geneticengine,11,success,benchmark_suite_v10,results/airfoil_self_noise/benchmark_suite_v10/domain_minmax/geneticengine/seed-11.json,True
airfoil_self_noise,domain_minmax,geneticengine,13,success,benchmark_suite_v10,results/airfoil_self_noise/benchmark_suite_v10/domain_minmax/geneticengine/seed-13.json,True
airfoil_self_noise,domain_minmax,geneticengine,17,success,benchmark_suite_v10,results/airfoil_self_noise/benchmark_suite_v10/domain_minmax/geneticengine/seed-17.json,True
airfoil_self_noise,domain_minmax,geneticengine,19,success,benchmark_suite_v10,results/airfoil_self_noise/benchmark_suite_v10/domain_minmax/geneticengine/seed-19.json,True
airfoil_self_noise,domain_minmax,geneticengine,23,success,benchmark_suite_v10,results/airfoil_self_noise/benchmark_suite_v10/domain_minmax/geneticengine/seed-23.json,True
airfoil_self_noise,domain_minmax,geneticengine,29,success,benchmark_suite_v10,results/airfoil_self_noise/benchmark_suite_v10/domain_minmax/geneticengine/seed-29.json,True
airfoil_self_noise,domain_minmax,itea,2,success,benchmark_suite_v10,results/airfoil_self_noise/benchmark_suite_v10/domain_minmax/itea/seed-2.json,True
airfoil_self_noise,domain_minmax,itea,3,success,benchmark_suite_v10,results/airfoil_self_noise/benchmark_suite_v10/domain_minmax/itea/seed-3.json,True
airfoil_self_noise,domain_minmax,itea,5,success,benchmark_suite_v10,results/airfoil_self_noise/benchmark_suite_v10/domain_minmax/itea/seed-5.json,True
airfoil_self_noise,domain_minmax,itea,7,success,benchmark_suite_v10,results/airfoil_self_noise/benchmark_suite_v10/domain_minmax/itea/seed-7.json,True
airfoil_self_noise,domain_minmax,itea,11,success,benchmark_suite_v10,results/airfoil_self_noise/benchmark_suite_v10/domain_minmax/itea/seed-11.json,True
airfoil_self_noise,domain_minmax,itea,13,success,benchmark_suite_v10,results/airfoil_self_noise/benchmark_suite_v10/domain_minmax/itea/seed-13.json,True
airfoil_self_noise,domain_minmax,itea,17,success,benchmark_suite_v10,results/airfoil_self_noise/benchmark_suite_v10/domain_minmax/itea/seed-17.json,True
airfoil_self_noise,domain_minmax,itea,19,success,benchmark_suite_v10,results/airfoil_self_noise/benchmark_suite_v10/domain_minmax/itea/seed-19.json,True
airfoil_self_noise,domain_minmax,itea,23,success,benchmark_suite_v10,results/airfoil_self_noise/benchmark_suite_v10/domain_minmax/itea/seed-23.json,True
airfoil_self_noise,domain_minmax,itea,29,success,benchmark_suite_v10,results/airfoil_self_noise/benchmark_suite_v10/domain_minmax/itea/seed-29.json,True
airfoil_self_noise,domain_minmax,eql,2,success,benchmark_suite_v10,results/airfoil_self_noise/benchmark_suite_v10/domain_minmax/eql/seed-2.json,True
airfoil_self_noise,domain_minmax,eql,3,success,benchmark_suite_v10,results/airfoil_self_noise/benchmark_suite_v10/domain_minmax/eql/seed-3.json,True
airfoil_self_noise,domain_minmax,eql,5,success,benchmark_suite_v10,results/airfoil_self_noise/benchmark_suite_v10/domain_minmax/eql/seed-5.json,True
airfoil_self_noise,domain_minmax,eql,7,success,benchmark_suite_v10,results/airfoil_self_noise/benchmark_suite_v10/domain_minmax/eql/seed-7.json,True
airfoil_self_noise,domain_minmax,eql,11,success,benchmark_suite_v10,results/airfoil_self_noise/benchmark_suite_v10/domain_minmax/eql/seed-11.json,True
airfoil_self_noise,domain_minmax,eql,13,success,benchmark_suite_v10,results/airfoil_self_noise/benchmark_suite_v10/domain_minmax/eql/seed-13.json,True
airfoil_self_noise,domain_minmax,eql,17,success,benchmark_suite_v10,results/airfoil_self_noise/benchmark_suite_v10/domain_minmax/eql/seed-17.json,True
airfoil_self_noise,domain_minmax,eql,19,success,benchmark_suite_v10,results/airfoil_self_noise/benchmark_suite_v10/domain_minmax/eql/seed-19.json,True
airfoil_self_noise,domain_minmax,eql,23,success,benchmark_suite_v10,results/airfoil_self_noise/benchmark_suite_v10/domain_minmax/eql/seed-23.json,True
airfoil_self_noise,domain_minmax,eql,29,success,benchmark_suite_v10,results/airfoil_self_noise/benchmark_suite_v10/domain_minmax/eql/seed-29.json,True
