problem,algorithm,input_scaling,repetition_type,expected_trials,successful_trials,failed_trials,missing_trials,analysis_trials,parsed_expression_trials,complexity_valid_trials,simplified_complexity_trials,unsimplified_fallback_trials,symbolic_exact_matches,source_suites,r2_mean,r2_std,r2_median,r2_min,r2_max,rmse_mean,rmse_std,rmse_median,rmse_min,rmse_max,nrmse_range_mean,nrmse_range_std,nrmse_range_median,nrmse_range_min,nrmse_range_max,mae_mean,mae_std,mae_median,mae_min,mae_max,fit_seconds_mean,fit_seconds_std,fit_seconds_median,fit_seconds_min,fit_seconds_max,prediction_median_seconds_mean,prediction_median_seconds_std,prediction_median_seconds_median,prediction_median_seconds_min,prediction_median_seconds_max,prediction_microseconds_per_sample_mean,prediction_microseconds_per_sample_std,prediction_microseconds_per_sample_median,prediction_microseconds_per_sample_min,prediction_microseconds_per_sample_max,expression_extraction_seconds_mean,expression_extraction_seconds_std,expression_extraction_seconds_median,expression_extraction_seconds_min,expression_extraction_seconds_max,analysis_seconds_mean,analysis_seconds_std,analysis_seconds_median,analysis_seconds_min,analysis_seconds_max,expression_node_count_mean,expression_node_count_std,expression_node_count_median,expression_node_count_min,expression_node_count_max,expression_depth_mean,expression_depth_std,expression_depth_median,expression_depth_min,expression_depth_max,simplified_node_count_mean,simplified_node_count_std,simplified_node_count_median,simplified_node_count_min,simplified_node_count_max,simplified_depth_mean,simplified_depth_std,simplified_depth_median,simplified_depth_min,simplified_depth_max,simplified_to_ground_truth_size_ratio_mean,simplified_to_ground_truth_size_ratio_std,simplified_to_ground_truth_size_ratio_median,simplified_to_ground_truth_size_ratio_min,simplified_to_ground_truth_size_ratio_max,ground_truth_variable_recall_mean,ground_truth_variable_recall_std,ground_truth_variable_recall_median,ground_truth_variable_recall_min,ground_truth_variable_recall_max,training_scale_simplified_node_count_mean,training_scale_simplified_node_count_std,training_scale_simplified_node_count_median,training_scale_simplified_node_count_min,training_scale_simplified_node_count_max,training_scale_simplified_depth_mean,training_scale_simplified_depth_std,training_scale_simplified_depth_median,training_scale_simplified_depth_min,training_scale_simplified_depth_max
cantilever,gplearn,raw,seed-controlled,10,10,0,0,10,10,10,8,2,0,benchmark_suite_v8,0.9596747340915165,0.06082771979098066,0.9870299693135434,0.8193293399588824,0.9975321597176874,0.6617530786517972,0.5276649447527274,0.470043756771561,0.20526895201127673,1.7563398538008033,0.020035995448566334,0.01597618926529635,0.014231584068319076,0.0062149582992631425,0.053176960488921156,0.37196232455781525,0.23174733897055627,0.31245283141636493,0.12733299594796949,0.7950530642121021,27.69104099519999,3.921812937390585,27.06540614250001,22.670129986999882,34.439386901000034,0.0009219154999726697,0.00036399547559475145,0.000794002000020555,0.0005476410001392651,0.0018341459999646759,0.23047887499316744,0.09099886889868786,0.19850050000513875,0.13691025003481627,0.45853649999116897,0.0001393242000290229,3.055630585493199e-05,0.00013741499998332074,0.00010648400007085002,0.0002082770001834433,24.82993897709998,50.235267730440356,0.8545889095000803,0.1438683910000691,120.1548640179999,62.8,38.56250337655307,55.5,12.0,140.0,8.4,3.627058802329452,9.5,2.0,12.0,53.125,31.311510891135775,51.5,12.0,110.0,7.375,3.4615231989895516,7.0,2.0,12.0,3.541666666666667,2.0874340594090515,3.4333333333333336,0.8,7.333333333333333,0.9600000000000002,0.08432740427115676,1.0,0.8,1.0,53.125,31.311510891135775,51.5,12.0,110.0,7.375,3.4615231989895516,7.0,2.0,12.0
cantilever,operon,raw,seed-controlled,10,10,0,0,10,10,10,10,0,0,benchmark_suite_v8,0.9999999999999117,1.5839743836804284e-14,0.9999999999999187,0.9999999999998858,0.9999999999999335,1.222870353947525e-06,1.094869813008927e-07,1.1776457904468804e-06,1.0652422979324308e-06,1.3967180893197026e-06,3.702502585374677e-08,3.3149534619335398e-09,3.5655755082376326e-08,3.225249798078376e-08,4.2288639348008e-08,8.382622460894411e-07,1.4077206512731126e-07,7.828929354736363e-07,6.736403552436293e-07,1.0528129240853085e-06,3.7103094723999677,0.10980351227170194,3.674556076000073,3.5870925459998944,3.966012309999769,8.4073599958856e-05,7.468257864457869e-06,8.178249993306963e-05,7.883700004640559e-05,0.00010457399997676475,0.021018399989714,0.001867064466114467,0.020445624983267408,0.019709250011601398,0.02614349999419119,5.8436100061953766e-05,3.5291834656443567e-06,5.729949998567463e-05,5.625799997233116e-05,6.812500009800715e-05,0.19742694900005517,0.03751122002286745,0.1993860790000781,0.15320899000016652,0.27475658999992447,15.6,0.9660917830792959,15.0,15.0,17.0,2.3,0.48304589153964794,2.0,2.0,3.0,15.6,0.9660917830792959,15.0,15.0,17.0,2.3,0.48304589153964794,2.0,2.0,3.0,1.0399999999999998,0.06440611887195305,1.0,1.0,1.1333333333333333,1.0,0.0,1.0,1.0,1.0,15.6,0.9660917830792959,15.0,15.0,17.0,2.3,0.48304589153964794,2.0,2.0,3.0
cantilever,pysr,raw,seed-controlled,10,10,0,0,10,10,10,10,0,0,benchmark_suite_v8,0.9935446261156178,0.005732404764742225,0.9947528736761628,0.9855726378341109,0.9996124639431031,0.2924167865263204,0.16569719954209966,0.2811484848073414,0.08134311483928179,0.49631592177918,0.008853546123067723,0.005016838520236902,0.008512374091931117,0.0024628374710586355,0.015027030278541565,0.20736169428322299,0.12169840852327225,0.19981807635214066,0.05935812119791639,0.392496580494406,90.18053176820005,2.6231555744517108,89.05529536200004,88.75216578999994,97.19053646500015,0.0031788419000008616,0.00022721555075207232,0.0032300364999855447,0.0028179070000078354,0.0034614090000104625,0.7947104750002154,0.056803887688018084,0.8075091249963862,0.7044767500019589,0.8653522500026156,0.0132048339000562,0.0013801963153122093,0.013171658500141348,0.011217936999969425,0.0157333730001028,0.30128666350010463,0.08667365527900686,0.29227590950017657,0.21164382300003126,0.5095371530001103,29.0,6.377042156569663,29.5,19.0,40.0,6.2,2.250925735484551,6.5,3.0,10.0,28.8,6.373556481449131,28.5,19.0,40.0,6.2,2.250925735484551,6.5,3.0,10.0,1.9200000000000004,0.42490376542994207,1.9,1.2666666666666666,2.6666666666666665,1.0,0.0,1.0,1.0,1.0,28.8,6.373556481449131,28.5,19.0,40.0,6.2,2.250925735484551,6.5,3.0,10.0
cantilever,geneticengine,raw,seed-controlled,10,10,0,0,10,10,10,10,0,0,benchmark_suite_v8,0.8444522698542614,0.1523025403128843,0.8913156502818735,0.6041690770694085,0.9999937497293541,1.353683141604686,0.9564566863888915,1.3496268299656964,0.010330328979562686,2.5996782463131036,0.040985663896342506,0.02895877999431597,0.04086285035129283,0.0003127728923277428,0.07871084123550197,0.95473972410147,0.6540012102991577,0.9984571057130759,0.008185674205830228,1.656085668091626,60.24802666809999,0.032242430115700195,60.237773617000016,60.215765924999914,60.32532434699999,0.0002136042000472571,8.699329436994616e-05,0.0001709809999965728,0.00013743299996349378,0.0004195810000169331,0.05340105001181428,0.021748323592486535,0.0427452499991432,0.034358249990873446,0.10489525000423328,2.577310001470323e-05,4.213459693465011e-06,2.444899996589811e-05,2.323800003978249e-05,3.757800004677847e-05,0.256387727199899,0.10375261692444576,0.23622159899991857,0.145844107999892,0.45208270800003447,30.2,9.647106647418523,31.5,14.0,46.0,5.7,1.4181364924121764,6.0,3.0,7.0,28.8,9.727395449051212,27.5,14.0,46.0,5.6,1.577621275493231,6.0,3.0,7.0,1.92,0.6484930299367475,1.8333333333333335,0.9333333333333333,3.066666666666667,0.9200000000000002,0.10327955589886444,1.0,0.8,1.0,28.8,9.727395449051212,27.5,14.0,46.0,5.6,1.577621275493231,6.0,3.0,7.0
cantilever,itea,raw,uncontrolled,10,10,0,0,10,10,10,10,0,0,benchmark_suite_v8,0.9536504426814533,1.1702778228589004e-16,0.9536504426814532,0.9536504426814532,0.9536504426814532,0.8895851732568621,1.1702778228589004e-16,0.8895851732568623,0.8895851732568623,0.8895851732568623,0.02693410134003338,0.0,0.02693410134003338,0.02693410134003338,0.02693410134003338,0.5933679585012374,0.0,0.5933679585012374,0.5933679585012374,0.5933679585012374,7.437139707599994,0.18327981400196205,7.376280274999999,7.290767656000071,7.9026390700000775,0.0008195906999446834,0.0002103770298605811,0.0007509529998515063,0.0006514829999559879,0.0013648729998294584,0.20489767498617084,0.05259425746514528,0.18773824996287658,0.16287074998899698,0.3412182499573646,6.043339995471797e-05,2.0976289051921684e-05,6.022399998073524e-05,3.86219999199966e-05,9.265699986826803e-05,0.2628054590999909,0.03884240285085936,0.24030464650013528,0.2354870829999527,0.32629154699998253,24.0,0.0,24.0,24.0,24.0,3.0,0.0,3.0,3.0,3.0,24.0,0.0,24.0,24.0,24.0,3.0,0.0,3.0,3.0,3.0,1.6,0.0,1.6,1.6,1.6,1.0,0.0,1.0,1.0,1.0,24.0,0.0,24.0,24.0,24.0,3.0,0.0,3.0,3.0,3.0
cantilever,eql,raw,seed-controlled,10,10,0,0,10,10,10,10,0,0,benchmark_suite_v8,0.9404041772269848,0.07732300027278549,0.9682486593083957,0.72214597049994,0.9717315396589048,0.9113593315104132,0.4557651288790736,0.7362716438721527,0.6947296241213712,2.1780763044610993,0.027593360737138594,0.013799267948160634,0.02229220502545348,0.021034431173691963,0.06594593713371348,0.6009282227355939,0.4051707813355806,0.44383967014827186,0.4108114266985355,1.7115175416737327,24.56982164750004,0.3897469549996703,24.51744478550006,23.976107585000022,25.326429152000003,0.007523293699972555,9.497251009041304e-05,0.007538646999989851,0.007344643999999789,0.0076290010001685005,1.8808234249931388,0.023743127522603255,1.8846617499974627,1.8361609999999473,1.9072502500421251,0.0862488668000367,0.005102904304575375,0.08563553000021784,0.0809994840001309,0.09869031700003461,3.2458953188999202,2.0912302293449576,3.1265583950000746,0.5232383069997013,6.114211871999942,50.4,2.716206504995115,51.0,46.0,53.0,4.0,0.0,4.0,4.0,4.0,49.9,2.4698178070456938,50.5,46.0,52.0,4.0,0.0,4.0,4.0,4.0,3.3266666666666667,0.1646545204697129,3.3666666666666667,3.066666666666667,3.466666666666667,1.0,0.0,1.0,1.0,1.0,49.9,2.4698178070456938,50.5,46.0,52.0,4.0,0.0,4.0,4.0,4.0
cantilever,gplearn,domain_minmax,seed-controlled,10,10,0,0,10,10,10,7,3,0,benchmark_suite_v8,0.8291876481826529,0.06161782588582649,0.819644745825701,0.7078340142552324,0.9255451624333029,1.6802142611503204,0.32195791714450006,1.7547949838816783,1.1274861113935843,2.233467140538337,0.05087209470579261,0.009747967286649178,0.053130186234797136,0.034137063090401175,0.06762301363753097,0.8273968285093687,0.16889089807646304,0.8227273178959478,0.5709511095098521,1.1747139426557192,29.47605944709976,2.787364402363138,29.36944715100003,24.93231867599934,33.5013894169997,0.0012109831999623567,0.0003601130721914094,0.0011712189998434042,0.0007679489999645739,0.0020078780003132124,0.30274579999058915,0.09002826804785236,0.29280474996085104,0.19198724999114347,0.5019695000783031,0.00017010870005833566,2.5773975200238727e-05,0.00017513450006845233,0.00014198999997461215,0.0002241639999738254,42.456181729200125,45.73875082885681,29.437191679499847,0.9399312750001627,120.29973061600049,132.9,50.29347207474677,149.5,36.0,200.0,9.8,2.8982753492378874,10.5,4.0,14.0,117.28571428571429,53.49054211015341,115.0,36.0,200.0,8.571428571428571,2.5071326821120348,9.0,4.0,11.0,7.819047619047619,3.5660361406768946,7.666666666666667,2.4,13.333333333333334,0.9400000000000001,0.09660917830792956,1.0,0.8,1.0,81.44444444444444,25.539729399071124,90.0,32.0,115.0,8.555555555555555,2.6509956200978113,9.0,4.0,12.0
cantilever,operon,domain_minmax,seed-controlled,10,10,0,0,10,10,10,5,5,0,benchmark_suite_v8,0.9931788701378312,0.0032002730202365225,0.9942233876521975,0.9848851937324097,0.9961199661551806,0.3346226141004657,0.07063303556058978,0.3140281874447272,0.2573845639594362,0.508002714720522,0.010131418182086143,0.0021385668229811977,0.009507877692360174,0.0077928703596345395,0.015380873030067736,0.21177752891253912,0.02812358388658857,0.20521531356204298,0.17314045424125962,0.25519476922445966,3.8177072521000808,0.1847131720644033,3.856369923999864,3.519338224999956,4.088510342000518,9.622700008549145e-05,6.617605657303375e-06,9.72410002759716e-05,8.77009997566347e-05,0.00010537699972701375,0.024056750021372864,0.0016544014143258436,0.0243102500689929,0.021925249939158675,0.02634424993175344,6.300919999375764e-05,3.727710934296077e-06,6.1004500139461015e-05,5.992099977447651e-05,7.159500000852859e-05,81.8758960754003,41.995530625405785,90.10202436850068,2.687834438000209,120.1911555530005,68.5,11.787469806724616,73.0,49.0,84.0,6.1,0.9944289260117531,6.0,4.0,8.0,65.4,9.289779329994873,69.0,49.0,72.0,6.2,0.8366600265340756,6.0,5.0,7.0,4.359999999999999,0.6193186219996581,4.6,3.2666666666666666,4.8,1.0,0.0,1.0,1.0,1.0,60.0,8.318653737234168,62.5,48.0,70.0,6.166666666666667,0.752772652709081,6.0,5.0,7.0
cantilever,pysr,domain_minmax,seed-controlled,10,10,0,0,10,10,10,10,0,0,benchmark_suite_v8,0.882123851663898,0.038536687510538355,0.8887358036605684,0.8298009808611319,0.9429088173101451,1.400172287300786,0.24061971699703225,1.3782939048088862,0.9873002808106286,1.7046815747654902,0.04239322260913682,0.0072852786184386025,0.0417308075994133,0.02989263604635033,0.05161289516452406,0.9110770800709342,0.13882869856758873,0.8963584158236444,0.6887616644131763,1.084459915049112,89.45862486490014,0.5855475915089231,89.42403625849988,88.45053122000036,90.45344641200063,0.003518443200073307,0.00038154171922048845,0.0033952124997540523,0.003118998999980249,0.004443044000254304,0.8796108000183267,0.09538542980512212,0.8488031249385131,0.7797497499950623,1.110761000063576,0.012373170499904518,0.0011354790068043698,0.012322833499638364,0.010289637000369112,0.014275485999860393,1.1330489786000726,0.9105997401268505,0.9059230654997918,0.3617764159998842,3.455688949999967,32.5,10.99747445754908,30.5,21.0,59.0,6.8,1.4757295747452437,7.0,5.0,10.0,32.5,10.99747445754908,30.5,21.0,59.0,6.8,1.4757295747452437,7.0,5.0,10.0,2.166666666666667,0.7331649638366053,2.033333333333333,1.4,3.933333333333333,0.9,0.10540925533894596,0.9,0.8,1.0,23.8,5.750362307426087,23.5,17.0,38.0,5.8,1.1352924243950935,5.0,5.0,8.0
cantilever,geneticengine,domain_minmax,seed-controlled,10,10,0,0,10,10,10,10,0,0,benchmark_suite_v8,0.40465872282225457,0.1619659435299914,0.47958899989022996,0.1390955849612494,0.5526351917798338,3.1625160737082756,0.4258499944730447,2.9806925124735377,2.763730232731104,3.8339125990664535,0.09575196505006059,0.012893523016798055,0.09024686630119898,0.08367786739561577,0.1160799365551814,2.157216933826879,0.40494197367864226,2.024481454068802,1.5130390100100426,2.7060614687490108,60.245342096399916,0.017401549832809563,60.24548533449956,60.2169160389999,60.272901987000296,0.00016745120010455138,4.6355988052426e-05,0.00017710099996293138,9.236799996870104e-05,0.0002489519993105205,0.04186280002613785,0.011588997013106499,0.044275249990732846,0.02309199999217526,0.06223799982763012,2.4523799993403372e-05,6.820350136371775e-07,2.441150013510196e-05,2.378799990765401e-05,2.6230000003124587e-05,0.42901546490002146,0.17370923775383615,0.4355529805002334,0.20054187799996726,0.7062823619999108,36.5,17.621010186706094,37.5,15.0,67.0,6.7,1.2516655570345725,7.0,4.0,8.0,36.5,17.621010186706094,37.5,15.0,67.0,6.7,1.2516655570345725,7.0,4.0,8.0,2.4333333333333336,1.174734012447073,2.5,1.0,4.466666666666667,0.5399999999999999,0.1349897115421106,0.6,0.4,0.8,23.3,9.695932709704163,21.0,11.0,38.0,5.5,1.2692955176439846,5.5,4.0,7.0
cantilever,itea,domain_minmax,uncontrolled,10,10,0,0,10,10,10,10,0,0,benchmark_suite_v8,0.5843516375686184,0.0,0.5843516375686184,0.5843516375686184,0.5843516375686184,2.6639604784609427,0.0,2.6639604784609427,2.6639604784609427,2.6639604784609427,0.08065712384798604,1.4628472785736255e-17,0.08065712384798603,0.08065712384798603,0.08065712384798603,1.7869368147428477,0.0,1.7869368147428477,1.7869368147428477,1.7869368147428477,4.883130199300058,0.2116978746115582,4.881190457999992,4.620929059000446,5.260551918000601,0.0008290729998861934,7.915577076990302e-05,0.0008362419996501558,0.000720729000022402,0.0009982860001400695,0.20726824997154836,0.019788942692475758,0.20906049991253894,0.1801822500056005,0.24957150003501738,4.900889998680213e-05,1.5618094701673968e-05,3.9467999840780976e-05,3.723700046975864e-05,7.442500009346986e-05,0.3844724329997916,0.0036590114269400807,0.38419059299985747,0.37954371299929335,0.3917531519991826,18.0,0.0,18.0,18.0,18.0,5.0,0.0,5.0,5.0,5.0,18.0,0.0,18.0,18.0,18.0,5.0,0.0,5.0,5.0,5.0,1.1999999999999997,2.340555645717801e-16,1.2,1.2,1.2,0.4,0.0,0.4,0.4,0.4,10.0,0.0,10.0,10.0,10.0,3.0,0.0,3.0,3.0,3.0
cantilever,eql,domain_minmax,seed-controlled,10,10,0,0,10,10,10,10,0,0,benchmark_suite_v8,0.971769186023366,1.6790613711167335e-05,0.9717705286151057,0.9717450220910718,0.9717867889590213,0.6942668412222226,0.00020645797036525273,0.6942503488518095,0.6940503848213762,0.6945639312958167,0.02102041942767953,6.250958383126361e-06,0.021019920085750952,0.021013865745343804,0.021029414467603594,0.41023127437670726,0.0005482545391225316,0.4100691320977732,0.40917368822466654,0.4112250138301471,24.50906480679987,0.3040994600819443,24.443538312500095,24.10873045399967,25.083141914999942,0.007600387300135481,0.00017661178059886798,0.007548587499968562,0.007362406000083865,0.0080125469999075,1.9000968250338701,0.044152945149716995,1.8871468749921405,1.8406015000209663,2.003136749976875,0.0852348687000358,0.002376059422621513,0.08539676549980868,0.08237132299973382,0.08865778600011254,3.9908889266997902,1.5938618349565015,3.814179764999608,2.6384788799996386,7.873554306999722,51.0,1.5634719199411433,51.0,49.0,53.0,4.0,0.0,4.0,4.0,4.0,50.8,1.3165611772087666,51.0,49.0,52.0,4.0,0.0,4.0,4.0,4.0,3.3866666666666676,0.08777074514725115,3.4000000000000004,3.2666666666666666,3.466666666666667,1.0,0.0,1.0,1.0,1.0,50.8,1.3165611772087666,51.0,49.0,52.0,4.0,0.0,4.0,4.0,4.0
borehole,gplearn,raw,seed-controlled,10,10,0,0,10,10,10,6,4,0,benchmark_suite_v8,0.7162193530978869,0.3206344777303049,0.8524942826402331,-0.053353311852061935,0.9824632914682359,21.01994602663232,12.263203378686663,17.306325416705896,5.9722836446928635,46.286401297377736,0.08649805569529662,0.05046365235707192,0.0712163341370381,0.024576225013719366,0.19047069446718615,15.631960242186462,9.957691802425007,12.168169428605339,4.284254188512843,36.815508350609775,46.4259097485,26.387897013277616,33.72623406850016,21.84221658000024,90.78541664699969,0.004615117699995608,0.005612452327905531,0.0014416435005841777,0.0005292920004649204,0.01715698399948451,1.153779424998902,1.4031130819763828,0.3604108751460444,0.1323230001162301,4.289245999871127,0.000459703999786143,0.00042939038263908224,0.00026929799969366286,9.844299984251847e-05,0.0014388299996426213,55.206733788699786,66.311738797914,13.802217610000298,0.15745554500063008,161.01221898399854,252.2,217.49012748986,169.5,8.0,584.0,12.0,4.570436400267363,11.5,4.0,21.0,162.66666666666666,212.57814249509914,92.5,8.0,572.0,11.5,5.504543577809154,11.5,4.0,20.0,3.6969696969696972,4.831321420343161,2.102272727272727,0.18181818181818182,13.0,0.6125,0.19048549084437436,0.625,0.375,1.0,162.66666666666666,212.57814249509914,92.5,8.0,572.0,11.5,5.504543577809154,11.5,4.0,20.0
borehole,operon,raw,seed-controlled,10,10,0,0,10,10,10,10,0,0,benchmark_suite_v8,0.9999530286526562,0.00010642597982800931,0.9999852815845052,0.9996503580242471,0.999994867270483,0.23043406975485015,0.2171427089962414,0.17301989446140165,0.1021740416850133,0.8432923616759883,0.0009482469162620528,0.0008935523484592727,0.0007119849141646152,0.0004204509344165895,0.0034701872961637814,0.16594851581477835,0.13993568710682738,0.13163790924238133,0.0727181690790826,0.5590326528483447,3.609448606099977,0.09583407630043253,3.6157843470000444,3.4970286799998576,3.7857599500002834,9.227890013789875e-05,5.7186770150792875e-06,9.101899968300131e-05,8.384000102523714e-05,0.0001030550001814845,0.023069725034474686,0.001429669253769822,0.022754749920750328,0.020960000256309286,0.025763750045371125,5.999729992254288e-05,1.9971719928304173e-06,5.972049984848127e-05,5.783699998573866e-05,6.484599998657359e-05,0.48889752150007554,0.3059132363075253,0.3744286600012856,0.3014614679996157,1.2981068909994065,32.9,7.44535649471087,33.5,24.0,45.0,5.6,1.3498971154211057,6.0,4.0,8.0,32.9,7.44535649471087,33.5,24.0,45.0,5.5,1.35400640077266,5.5,4.0,8.0,0.7477272727272727,0.16921264760706525,0.7613636363636365,0.5454545454545454,1.0227272727272727,0.75,0.0,0.75,0.75,0.75,32.9,7.44535649471087,33.5,24.0,45.0,5.5,1.35400640077266,5.5,4.0,8.0
borehole,pysr,raw,seed-controlled,10,10,0,0,10,10,10,10,0,0,benchmark_suite_v8,0.80940921095051,0.031192539305607125,0.8026439353832122,0.7753228217481479,0.8760830047613075,19.62248953160104,1.7007648694153457,20.03327462112508,15.875661151393047,21.376956043463995,0.08074745721203609,0.006998726553003519,0.08243785696413006,0.0653290841343259,0.0879671685217786,14.518925157830614,1.3071253850388405,14.848297359885937,12.008052568974573,16.0438582842589,89.65498855819996,0.4670832489430801,89.69257147400003,88.83018051700037,90.22043860600024,0.0028062720999514567,0.00023110884167383357,0.0027518985002643603,0.002608561999295489,0.003343747999679181,0.7015680249878642,0.057777210418458395,0.6879746250660901,0.6521404998238722,0.8359369999197952,0.008138765599778709,0.0011449627347000716,0.008113284000046406,0.006068347999644175,0.009687622999990708,0.19631707919998007,0.04974925624439358,0.1803987165003491,0.15906127900052525,0.33198836599876813,9.2,5.2451035367389185,8.5,5.0,22.0,3.0,1.1547005383792515,3.0,2.0,5.0,9.1,4.976611966656298,8.5,5.0,21.0,3.1,1.370320319406298,3.0,2.0,6.0,0.2068181818181818,0.1131048174240068,0.19318181818181818,0.11363636363636363,0.4772727272727273,0.275,0.09860132971832694,0.25,0.125,0.375,9.1,4.976611966656298,8.5,5.0,21.0,3.1,1.370320319406298,3.0,2.0,6.0
borehole,geneticengine,raw,seed-controlled,10,10,0,0,10,10,10,10,0,0,benchmark_suite_v8,0.7692816130141872,0.04692800141960077,0.7684957620002681,0.6893607701686573,0.8539308396169234,21.5575602332693,2.244289206797382,21.695872774340472,17.23636373131801,25.135905455626723,0.08871036316408594,0.009235354484733406,0.08927952570454988,0.07092843854722304,0.10343542020982283,16.076760652721845,2.1501976695134952,15.65704262052358,12.374314842365111,19.292077073395966,60.24116965060002,0.02393447118590824,60.24646893699992,60.20881124399966,60.28070870800002,0.00010224290017504245,5.5644474546570196e-05,0.00010636349952619639,3.0062999940128066e-05,0.0001861199998529628,0.025560725043760613,0.013911118636642548,0.026590874881549098,0.007515749985032016,0.0465299999632407,2.4690100053703647e-05,8.085090442300081e-07,2.468049979142961e-05,2.362000032007927e-05,2.6280000383849256e-05,0.33471235880006134,0.325155788347782,0.2137343554995823,0.14300609699967026,1.2280195109997294,19.2,9.016035098028894,17.0,5.0,35.0,4.4,1.2649110640673518,5.0,2.0,6.0,18.7,8.287205667640798,17.0,5.0,31.0,4.5,1.35400640077266,5.0,2.0,6.0,0.425,0.1883455833554727,0.38636363636363635,0.11363636363636363,0.7045454545454546,0.35,0.07905694150420949,0.375,0.25,0.5,18.7,8.287205667640798,17.0,5.0,31.0,4.5,1.35400640077266,5.0,2.0,6.0
borehole,itea,raw,uncontrolled,10,10,0,0,10,10,10,10,0,0,benchmark_suite_v8,0.9911809466181882,0.0025817607300503737,0.9924055832602692,0.9862824000498654,0.9924055832602692,4.200569519940404,0.5700091220883778,3.930190453009564,3.930190453009564,5.282085787663765,0.01728553897462041,0.002345614052802917,0.016172916536837056,0.016172916536837056,0.021736028725753816,2.7396889662076602,0.6110463315571643,2.4498442416660016,2.4498442416660016,3.8990678643742975,11.325586226099858,0.22695420658268187,11.35799923749937,10.942398518000118,11.612261995000154,0.0008371571003408462,7.739178677158062e-05,0.0008538965003026533,0.0007151110003178474,0.0009450729994568974,0.20928927508521156,0.019347946692895156,0.21347412507566332,0.17877775007946184,0.23626824986422434,5.0565200035634915e-05,1.6005797074526875e-05,4.29235001320194e-05,3.664900032163132e-05,8.259200058091665e-05,0.2859708664998834,0.004012678500842575,0.2846806480010855,0.2819984710004064,0.292200005000268,23.2,0.4216370213557839,23.0,23.0,24.0,5.0,0.0,5.0,5.0,5.0,23.2,0.4216370213557839,23.0,23.0,24.0,5.0,0.0,5.0,5.0,5.0,0.5272727272727271,0.009582659576267808,0.5227272727272727,0.5227272727272727,0.5454545454545454,0.625,0.0,0.625,0.625,0.625,23.2,0.4216370213557839,23.0,23.0,24.0,5.0,0.0,5.0,5.0,5.0
borehole,eql,raw,seed-controlled,10,10,0,0,10,10,10,9,1,0,benchmark_suite_v8,-75520.72771915191,213248.7135622885,-20.636209545286675,-678635.0532551022,-3.8103471825756685e-05,5170.4944407406,11872.973552110174,207.15897320173474,45.09980433345493,37152.226684462985,21.276825142212573,48.857838468186905,0.8524688112462746,0.1855877927630989,152.88314103591563,3946.049413033151,8949.581683681221,193.60696285267971,37.47335973424799,28035.16696718321,24.394331054500253,0.3079529956357012,24.325948444499772,24.01551674500115,24.994344688000638,0.007568585700119002,0.0001795527726875963,0.00752350149969061,0.007406639999317122,0.008038506000048073,1.8921464250297504,0.04488819317189909,1.8808753749226526,1.8516599998292804,2.0096265000120184,0.0988453902998117,0.028436276883546274,0.10421281399976579,0.0227858889993513,0.12211633600054483,22.5580155018004,39.68814019315687,0.30590726750051545,0.06440527999984624,120.2076269120007,34.9,28.42709974654467,24.5,1.0,74.0,2.4,1.577621275493231,2.0,0.0,4.0,31.22222222222222,27.485349632930713,23.0,1.0,74.0,2.2222222222222223,1.5634719199411433,2.0,0.0,4.0,0.7095959595959597,0.6246670371120616,0.5227272727272727,0.022727272727272728,1.6818181818181819,0.7125,0.3955042491694762,0.875,0.0,1.0,31.22222222222222,27.485349632930713,23.0,1.0,74.0,2.2222222222222223,1.5634719199411433,2.0,0.0,4.0
borehole,gplearn,domain_minmax,seed-controlled,10,10,0,0,10,10,10,1,9,0,benchmark_suite_v8,0.4260345400897082,0.4269015849888121,0.4427298409401975,-0.23737779657214242,0.9881073335486267,30.997923676513714,15.148362618471417,33.65451843868843,4.918197934380708,50.16693211279975,0.12755789787530727,0.06233621683923124,0.13848990889984925,0.0202386132823345,0.20643925928530737,20.720479517398715,11.043323075603299,20.59841776104568,3.740749017313847,37.82680834335933,59.238976509700294,23.169918640438453,51.04929276299936,31.928990321999663,96.43128728800002,0.004050564699718961,0.002138393546743228,0.0036819775004914845,0.0007174809998105047,0.00721594499918865,1.0126411749297404,0.5345983866858071,0.9204943751228711,0.17937024995262618,1.8039862497971626,0.0004564659002426197,0.0002825768970918457,0.0003742285007319879,0.00010864000068977475,0.0009538070007693022,121.58206837410016,58.410833033492416,121.49499999800082,0.4988194779998594,181.0518650720005,631.3,542.385072311791,449.5,18.0,1598.0,22.1,8.83742043811428,21.0,6.0,35.0,18.0,,18.0,18.0,18.0,6.0,,6.0,6.0,6.0,0.4090909090909091,,0.4090909090909091,0.4090909090909091,0.4090909090909091,0.5892857142857143,0.24700588001483845,0.75,0.125,0.75,278.6666666666667,249.29768016035234,308.0,16.0,512.0,17.0,10.14889156509222,19.0,6.0,26.0
borehole,operon,domain_minmax,seed-controlled,10,10,0,0,10,10,10,9,1,0,benchmark_suite_v8,0.9978526388868646,0.0009877357814197588,0.9982600597944078,0.9965908116174031,0.9993755697200579,2.0346855170087355,0.5028855699760691,1.8808489136727629,1.1269596355790807,2.633248731814425,0.008372825551009846,0.0020693975134397657,0.0077397807721854475,0.004637491323772351,0.010835941023610005,1.4301802378571389,0.33625555801336554,1.3532099042808758,0.8239650366370325,1.8147840116130196,3.7244936519000476,0.32763070522991605,3.7948407370004134,3.0840084749997914,4.080605387000105,0.00010121920004166896,1.0778046773627727e-05,9.707250046631088e-05,9.152700113190804e-05,0.00012449499990907498,0.02530480001041724,0.002694511693406932,0.02426812511657772,0.02288175028297701,0.031123749977268744,6.331230051728198e-05,2.6722178909759085e-06,6.345850033540046e-05,5.817600140289869e-05,6.832899998698849e-05,15.996481638300065,36.89763827234988,3.666891379500157,0.5203069649996905,120.3446485280001,56.8,18.919713411031246,61.0,29.0,82.0,4.4,0.699205898780101,4.0,4.0,6.0,53.666666666666664,18.553975315279473,57.0,29.0,77.0,4.0,0.8660254037844386,4.0,3.0,6.0,1.2196969696969697,0.4216812571654425,1.2954545454545454,0.6590909090909091,1.75,0.625,0.0,0.625,0.625,0.625,51.22222222222222,16.924669699714805,52.0,28.0,75.0,4.222222222222222,0.6666666666666667,4.0,4.0,6.0
borehole,pysr,domain_minmax,seed-controlled,10,10,0,0,10,10,10,10,0,0,benchmark_suite_v8,0.8852191345432759,0.053563436172505086,0.902590995798598,0.7964990218061581,0.9513293522868035,14.904625174184105,3.544425256705659,14.063939652926496,9.949469997224199,20.34462243158282,0.06133322591792815,0.014585474809207261,0.05787376589134975,0.04094253186322108,0.08371906768729083,10.93211521188438,2.481055743226357,10.504903006181273,7.670775855727443,14.571105403021942,90.26500455529985,0.41965322275510175,90.38277832599942,89.61173069699908,90.73610088299938,0.0032074495999040663,0.00038023802200599753,0.003276481999819225,0.0026248100002703723,0.003748909000933054,0.8018623999760166,0.09505950550149939,0.8191204999548063,0.6562025000675931,0.9372272502332635,0.011578780300624203,0.002383732656202892,0.011681713500365731,0.007995092000783188,0.015796773001056863,0.49876436420017856,0.3342212646104322,0.4617520154997692,0.17278516999977,1.231512713999109,19.0,9.580071908799942,19.0,5.0,33.0,5.2,1.6193277068654826,5.0,2.0,8.0,19.0,9.580071908799942,19.0,5.0,33.0,5.2,1.6193277068654826,5.0,2.0,8.0,0.4318181818181818,0.2177289070181805,0.4318181818181818,0.11363636363636363,0.75,0.35,0.1536590742882148,0.375,0.125,0.5,13.5,6.900080514828151,15.0,4.0,25.0,3.6,1.349897115421106,3.0,2.0,6.0
borehole,geneticengine,domain_minmax,seed-controlled,10,10,0,0,10,10,10,10,0,0,benchmark_suite_v8,0.7015534143754428,0.2109264686176306,0.7921089849242187,0.1889988941074775,0.8414990154239668,23.640456993125486,7.313893635231425,20.562035530090853,17.95487417215883,40.61412554787865,0.0972815802220804,0.030097012533151602,0.08461373270116898,0.07388514243460494,0.16712901589781165,18.033228838178143,6.095621790692623,15.361949798077038,14.23585622785458,33.74188166827649,60.26043502790035,0.02929236570082874,60.259226225999555,60.21937302000151,60.31239954400007,0.00018467279951437377,8.972433140167799e-05,0.00016593749933235813,8.335399979841895e-05,0.0003910590003215475,0.04616819987859344,0.022431082850419493,0.04148437483308953,0.02083849994960474,0.09776475008038688,2.4869299886631778e-05,6.76394496219931e-07,2.479599970683921e-05,2.3737000446999446e-05,2.5724999431986362e-05,0.41175531670050985,0.24159829414013062,0.3072079889998349,0.21353858600014064,0.8563512740001897,32.2,20.64945519862449,22.0,16.0,74.0,6.5,0.8498365855987975,6.0,6.0,8.0,32.2,20.64945519862449,22.0,16.0,74.0,6.5,0.8498365855987975,6.0,6.0,8.0,0.7318181818181817,0.46930579996873845,0.5,0.36363636363636365,1.6818181818181819,0.25,0.14433756729740643,0.25,0.125,0.5,23.0,10.954451150103322,20.0,12.0,43.0,5.4,0.8432740427115678,6.0,4.0,6.0
borehole,itea,domain_minmax,uncontrolled,10,10,0,0,10,10,10,10,0,0,benchmark_suite_v8,0.8499577242948877,0.0,0.8499577242948877,0.8499577242948877,0.8499577242948877,17.469207564720698,3.744889033148481e-15,17.469207564720694,17.469207564720694,17.469207564720694,0.07188660175299214,1.4628472785736255e-17,0.07188660175299215,0.07188660175299215,0.07188660175299215,12.762820858682117,0.0,12.762820858682117,12.762820858682117,12.762820858682117,4.731938546299898,0.10788997245768005,4.7621481544993,4.531691030000729,4.88113580999925,0.0009360057996673276,0.00011497735607089305,0.0008926869995775633,0.0008113229996524751,0.0011431990005803527,0.23400144991683192,0.028744339017723265,0.22317174989439081,0.20283074991311878,0.2857997501450882,5.114020004839404e-05,1.7853391189497567e-05,4.3107000237796456e-05,3.6174000342725776e-05,8.520800111000426e-05,0.37434959880010865,0.005982635461457939,0.3735198089998448,0.3687235069992312,0.386894437000592,18.0,0.0,18.0,18.0,18.0,5.0,0.0,5.0,5.0,5.0,18.0,0.0,18.0,18.0,18.0,5.0,0.0,5.0,5.0,5.0,0.40909090909090906,5.851389114294502e-17,0.4090909090909091,0.4090909090909091,0.4090909090909091,0.25,0.0,0.25,0.25,0.25,10.0,0.0,10.0,10.0,10.0,3.0,0.0,3.0,3.0,3.0
borehole,eql,domain_minmax,seed-controlled,10,10,0,0,10,10,10,4,6,0,benchmark_suite_v8,0.9984856174654707,0.0005052122576096437,0.998690803979414,0.9971418085085809,0.9987221966818122,1.7379188474330767,0.2576888905236602,1.631805624397114,1.6121237999645075,2.4110823551666845,0.007151616900857298,0.001060401771552305,0.006714956051940615,0.00663396442885083,0.009921716049076264,1.2182659229074964,0.23690083909318346,1.1154398848745464,1.102373840637248,1.8171815714714166,24.36840138539992,0.19541079086991744,24.303534410500106,24.09110494699962,24.74035396799991,0.0076058964998082955,0.00029046562087619416,0.00750123249963508,0.0073575140013417695,0.008289974999570404,1.901474124952074,0.07261640521904854,1.87530812490877,1.8393785003354424,2.072493749892601,0.12295995010026672,0.003714409537437615,0.1232556584991471,0.11387285999990127,0.12811791300009645,90.82587875300014,37.11089939081489,105.78964353100037,24.6457745050011,120.2885386729995,78.6,2.0110804171997807,79.0,74.0,80.0,4.0,0.0,4.0,4.0,4.0,79.5,0.5773502691896257,79.5,79.0,80.0,4.0,0.0,4.0,4.0,4.0,1.8068181818181817,0.013121597027036937,1.8068181818181817,1.7954545454545454,1.8181818181818181,1.0,0.0,1.0,1.0,1.0,79.0,0.0,79.0,79.0,79.0,4.0,0.0,4.0,4.0,4.0
piston,gplearn,raw,seed-controlled,10,10,0,0,10,10,10,10,0,0,benchmark_suite_v8,0.42026284436188616,0.27302983384967966,0.43151675962117486,-0.011409184284863816,0.8441199993636093,0.1048876462808869,0.02707422635402501,0.10636653563039547,0.05599509209793916,0.14263240671025204,0.12170385811514417,0.031414927492447633,0.12341985180880174,0.06497255859457536,0.1655000832261909,0.08068305076711034,0.02375847596820034,0.08543564874019335,0.04147802425306455,0.111730208470067,21.3546589829004,1.2226812700802718,21.28122340000118,19.717218305000642,23.5963248879998,0.0005323489000147674,5.940506838091483e-05,0.0005290965009407955,0.00045940300151414704,0.0006156759991426952,0.13308722500369186,0.014851267095228706,0.13227412523519888,0.11485075037853676,0.1539189997856738,0.00010703890020522522,1.52785918728816e-05,0.00010095650031871628,9.577199853083584e-05,0.00014760300109628588,0.28584764120005274,0.05811506224029775,0.27750009299961675,0.1833972750009707,0.41575861599994823,7.7,3.4009802508492557,7.5,3.0,12.0,3.6,1.776388345929897,3.5,1.0,7.0,7.7,3.4009802508492557,7.5,3.0,12.0,3.6,1.776388345929897,3.5,1.0,7.0,0.11666666666666667,0.0515300038007463,0.11363636363636365,0.045454545454545456,0.18181818181818182,0.2571428571428571,0.09035079029052512,0.2857142857142857,0.14285714285714285,0.42857142857142855,7.7,3.4009802508492557,7.5,3.0,12.0,3.6,1.776388345929897,3.5,1.0,7.0
piston,operon,raw,seed-controlled,10,10,0,0,10,10,10,8,2,0,benchmark_suite_v8,0.9849235473706288,0.006260416717401299,0.9851136720397331,0.9740085015881096,0.9932477485008047,0.01706374109431691,0.003664278938379337,0.01729113476593673,0.011654108815544155,0.022864958765201955,0.01979950164478741,0.004251757950755867,0.020063352423486246,0.013522564916245003,0.02653080506656242,0.012235169528654197,0.002766223016887155,0.012104817183035566,0.008579425663918653,0.01690507745285965,3.986018347400022,0.2580065307647233,4.053442123999957,3.2964306909998413,4.201047800999731,9.750560002430575e-05,4.137768444220564e-06,9.696100005385233e-05,9.253500138584059e-05,0.00010656499944161624,0.024376400006076437,0.001034442111055141,0.024240250013463083,0.023133750346460147,0.02664124986040406,6.273489980230806e-05,2.231956777678969e-06,6.275000032474054e-05,5.860800047230441e-05,6.693700015603099e-05,35.267217790099856,46.35765779539174,12.625926884999899,1.9793861100006325,120.70238548399902,70.8,14.920530225907598,73.5,41.0,88.0,7.8,1.1352924243950935,8.0,6.0,10.0,68.875,15.905412376205241,73.0,41.0,88.0,7.75,1.164964745021435,8.0,6.0,10.0,1.043560606060606,0.2409910966091703,1.106060606060606,0.6212121212121212,1.3333333333333333,0.8,0.12046772038736682,0.8571428571428571,0.5714285714285714,1.0,68.875,15.905412376205241,73.0,41.0,88.0,7.75,1.164964745021435,8.0,6.0,10.0
piston,pysr,raw,seed-controlled,10,10,0,0,10,10,10,10,0,0,benchmark_suite_v8,0.7863830998101712,0.09640282827690205,0.8231974250669898,0.5407722772974062,0.8870782565518985,0.06433958287235464,0.013216910307254158,0.0596323103895699,0.04765884918263126,0.09611005210466275,0.07465488780361253,0.015335924046259813,0.0691929173746074,0.05529979959051632,0.11151898778871219,0.04878029056535936,0.012209283130074862,0.04607885185161748,0.03232148588060967,0.07742226750958486,89.46033686019982,0.680891132511453,89.31120797650055,88.51417726199907,90.68655791099991,0.002839773899904685,0.00024998368041916823,0.002803438499540789,0.0025267090004490456,0.0031714519991510315,0.7099434749761713,0.06249592010479206,0.7008596248851973,0.6316772501122614,0.7928629997877579,0.008732644800147682,0.0015577398933668506,0.008532912000191573,0.006809925000197836,0.011366410000846372,0.317944642400289,0.03048624700564955,0.31024033700032305,0.273642366999411,0.37851650200173026,10.3,3.465704994818675,9.5,5.0,18.0,3.8,1.1352924243950933,4.0,2.0,5.0,10.1,3.4140233677518315,9.5,5.0,18.0,3.8,1.1352924243950933,4.0,2.0,5.0,0.15303030303030302,0.05172762678411865,0.14393939393939392,0.07575757575757576,0.2727272727272727,0.3142857142857143,0.1126872339638022,0.2857142857142857,0.14285714285714285,0.5714285714285714,10.1,3.4140233677518315,9.5,5.0,18.0,3.8,1.1352924243950933,4.0,2.0,5.0
piston,geneticengine,raw,seed-controlled,10,10,0,0,10,10,10,10,0,0,benchmark_suite_v8,0.8230874244683006,0.07122493579508696,0.8529608832628139,0.6895125802800559,0.8814322336991215,0.058735093507450355,0.010989850684214977,0.05437405092492809,0.04883577486766664,0.07902723150661561,0.06815185334093113,0.012751808967058936,0.06309162245086006,0.05666541700746198,0.09169734770057872,0.04254153817960127,0.010205215106518725,0.0383941829701381,0.03525348024985851,0.062066090804881874,60.23373620660059,0.013272984534603112,60.23219058450104,60.21113538899954,60.25372572199922,0.00012164440031483536,3.817829851989679e-05,0.00012542949934868375,5.054000030213501e-05,0.00018328300029679667,0.03041110007870884,0.009544574629974198,0.03135737483717094,0.012635000075533753,0.04582075007419917,2.4484200002916624e-05,1.0585576338629774e-06,2.4785999812593218e-05,2.315600067959167e-05,2.573100027802866e-05,0.3268084750996422,0.04594369473041026,0.3093906895001055,0.2745716129993525,0.39296487499996147,21.8,10.768266135063508,19.0,10.0,45.0,5.5,1.2692955176439846,5.5,4.0,7.0,21.5,10.426994879744703,19.0,10.0,45.0,5.6,1.2649110640673518,6.0,4.0,7.0,0.3257575757575758,0.15798477090522275,0.28787878787878785,0.15151515151515152,0.6818181818181818,0.4714285714285714,0.19107050140703696,0.42857142857142855,0.2857142857142857,0.8571428571428571,21.5,10.426994879744703,19.0,10.0,45.0,5.6,1.2649110640673518,6.0,4.0,7.0
piston,itea,raw,uncontrolled,10,10,0,0,10,10,10,10,0,0,benchmark_suite_v8,0.9427020908662153,0.007375778277859896,0.9403625135099312,0.9357972647335608,0.9548878047793068,0.03388188169331192,0.002245401646871242,0.03463348479372894,0.030123244326401084,0.03593614850747749,0.03931402666081513,0.0026053978054813676,0.04018613124448644,0.034952782176562155,0.04169764575941068,0.02590053348378794,0.0017176675584761887,0.026250382187152574,0.0235708104791523,0.027766683460061416,11.519915507100086,0.4920135325504721,11.48137923899958,10.641967052000837,12.22226491100082,0.0008733773000130895,0.00010375881841552887,0.0008550430002287612,0.0007281480011442909,0.0011057659994548885,0.2183443250032724,0.025939704603882223,0.2137607500571903,0.18203700028607273,0.27644149986372213,6.957190034881933e-05,3.0493782968250843e-05,5.70325000808225e-05,3.94670005334774e-05,0.00012604400035343133,0.4396268954000334,0.07931672363813766,0.45377851349985576,0.3475713509997149,0.5326349990009476,31.1,3.6651512019742563,30.0,27.0,36.0,5.4,0.5163977794943222,5.0,5.0,6.0,31.1,3.6651512019742563,30.0,27.0,36.0,5.4,0.5163977794943222,5.0,5.0,6.0,0.4712121212121213,0.05553259396930689,0.4545454545454546,0.4090909090909091,0.5454545454545454,0.9857142857142858,0.04517539514526258,1.0,0.8571428571428571,1.0,31.1,3.6651512019742563,30.0,27.0,36.0,5.4,0.5163977794943222,5.0,5.0,6.0
piston,eql,raw,seed-controlled,10,10,0,0,10,10,10,9,1,0,benchmark_suite_v8,-990251482.2686802,2241116227.5742383,-309681.63784155855,-7195837183.562351,-0.00038016524177875155,2436.5362806985017,3941.4770975209954,64.08494813674542,0.14185259988531143,12030.825509198266,2827.17628160341,4573.3981688956765,74.35942851138302,0.1645952531289873,13959.679072771183,2272.238911538541,3789.041723898243,51.13608787513896,0.11404805054059741,11608.222207053024,24.526504971899886,0.28048501419962213,24.505084251999506,24.197435017000316,25.001563840998642,0.007524361000105273,8.159635947631157e-05,0.007524169999669539,0.007418921999487793,0.007655406001504161,1.8810902500263182,0.02039908986907789,1.8810424999173847,1.8547304998719483,1.9138515003760403,0.09329783670018514,0.021119197158649943,0.10049027900004148,0.04488694000065152,0.11144568800045818,22.7550019864997,40.690576537232744,2.685547939499884,0.17763521599954402,120.28446897999856,36.3,32.45526836192307,42.0,1.0,71.0,2.4,1.837873166945363,3.0,0.0,4.0,32.333333333333336,31.76476034853718,23.0,1.0,67.0,2.2222222222222223,1.855921454276674,2.0,0.0,4.0,0.4898989898989899,0.48128424770510886,0.3484848484848485,0.015151515151515152,1.0151515151515151,0.6142857142857142,0.49965974817427333,1.0,0.0,1.0,32.333333333333336,31.76476034853718,23.0,1.0,67.0,2.2222222222222223,1.855921454276674,2.0,0.0,4.0
piston,gplearn,domain_minmax,seed-controlled,10,10,0,0,10,10,10,10,0,0,benchmark_suite_v8,-0.02137394054514403,0.03240102206366697,-0.010122827824594616,-0.1046142142302604,-1.3213018833502232e-05,0.14331753024703237,0.002242317683466088,0.14254142418655447,0.14182658082626726,0.14905964327834656,0.16629504984683907,0.002601819402704669,0.165394513842687,0.16456506253950906,0.172957772621385,0.11334869677283899,0.0006663960522193563,0.1130508832000628,0.11278460267082152,0.11486329718514907,20.49969370289964,0.6321546154417127,20.334205034499973,19.914592619999894,22.090622886000347,0.0005925251994995051,9.036055668479572e-05,0.0005637174981529824,0.0005315070011420175,0.0008360430001630448,0.14813129987487628,0.022590139171198936,0.1409293745382456,0.13287675028550439,0.2090107500407612,9.62095997238066e-05,5.308553369234712e-06,9.637849871069193e-05,8.828399950289167e-05,0.00010666800153558142,0.45433528080029645,0.7799250237780299,0.18299727150224498,0.17241771199769573,2.667926725000143,4.3,8.433399209228874,1.0,1.0,28.0,1.4,3.169297153067923,0.0,0.0,10.0,4.3,8.433399209228874,1.0,1.0,28.0,1.4,3.169297153067923,0.0,0.0,10.0,0.06515151515151515,0.12777877589740722,0.015151515151515152,0.015151515151515152,0.42424242424242425,0.0,0.0,0.0,0.0,0.0,4.3,8.433399209228874,1.0,1.0,28.0,1.4,3.169297153067923,0.0,0.0,10.0
piston,operon,domain_minmax,seed-controlled,10,10,0,0,10,10,10,9,1,0,benchmark_suite_v8,0.9848553131433289,0.006423927805839574,0.9876158633809995,0.9704366423079427,0.9915078082224036,0.017150038271195198,0.0034163319875674123,0.015780991647037723,0.013069671154168095,0.024385498768157755,0.019899634498778684,0.003964058668793851,0.018311094170079936,0.015165078635655476,0.028295127094368808,0.01256413242919103,0.0028133081595592417,0.011537569234062437,0.00932109255699111,0.018890260114324677,3.781588748599643,0.28510702538111427,3.8769592065000325,3.2572052520008583,4.051413786000921,9.886389943858376e-05,5.16441275909438e-06,9.761600085766986e-05,9.294099800172262e-05,0.00010720299906097353,0.02471597485964594,0.001291103189773595,0.024404000214417465,0.023235249500430655,0.02680074976524338,6.478789964603493e-05,9.055746363584172e-06,6.190099884406663e-05,5.9835998399648815e-05,8.996799806482159e-05,24.127854742000636,37.108589256111266,7.465663118000521,1.4296561160008423,120.31042831300147,78.2,17.119190011991417,80.5,42.0,99.0,6.4,2.0655911179772892,6.0,4.0,11.0,72.77777777777777,17.31890425068643,70.0,42.0,99.0,5.666666666666667,1.7320508075688772,6.0,3.0,8.0,1.1026936026936027,0.2624076401619156,1.0606060606060606,0.6363636363636364,1.5,0.657142857142857,0.09988655696858588,0.6428571428571428,0.5714285714285714,0.8571428571428571,62.333333333333336,11.1579568022107,63.0,40.0,76.0,5.222222222222222,1.481365736219265,5.0,3.0,8.0
piston,pysr,domain_minmax,seed-controlled,10,10,0,0,10,10,10,10,0,0,benchmark_suite_v8,0.8697043498490252,0.032179923737538585,0.8725249296771627,0.8167117280525603,0.9165726532036627,0.050830647135510575,0.006418626875612563,0.050636920014765066,0.04096462465347454,0.06071864932334324,0.05898011907250161,0.00744769934556107,0.058755332466525846,0.04753231713499794,0.07045342463307754,0.037625312249212166,0.005225306438487761,0.03738732627745052,0.030554991386232893,0.04653966597837311,89.5627767656999,0.48639411933218346,89.56865327049945,89.02016778400139,90.53697464799916,0.00329538260029949,0.00029038866574344994,0.0032289724995280267,0.002891497999371495,0.0037345749988162424,0.8238456500748725,0.07259716643586248,0.8072431248820067,0.7228744998428738,0.9336437497040606,0.01105073379985697,0.0017171945281719257,0.011939486498704355,0.007988293999005691,0.012890644000435714,0.6941260289000638,0.7290370836115891,0.48355170649847423,0.3007358380018559,2.7050135570025304,18.2,8.134972512416855,19.0,8.0,28.0,4.6,2.4129281427805145,5.0,2.0,7.0,18.2,8.134972512416855,19.0,8.0,28.0,4.6,2.4129281427805145,5.0,2.0,7.0,0.27575757575757576,0.12325715927904324,0.28787878787878785,0.12121212121212122,0.42424242424242425,0.4285714285714285,0.11664236870396084,0.42857142857142855,0.2857142857142857,0.5714285714285714,15.8,6.214677966091423,16.0,8.0,24.0,4.3,2.1628170930011112,4.5,2.0,7.0
piston,geneticengine,domain_minmax,seed-controlled,10,10,0,0,10,10,10,10,0,0,benchmark_suite_v8,0.35885842651655453,0.22808408837398525,0.38757957185767633,-0.0005326642431655593,0.6905933787018801,0.11190799793347286,0.02035383329880731,0.11097294931060825,0.07888956575757018,0.14186341155282814,0.12984975433591234,0.023617081016992347,0.12876479315160733,0.09153761055914005,0.1646077981874007,0.08905356427290193,0.016074293518650386,0.08684773751708762,0.06438559608976095,0.11374938459874735,60.2395216104007,0.021393614629609776,60.24516914200012,60.20642957600285,60.27190064199931,9.410079910594504e-05,1.4049649008905517e-05,9.860599857347552e-05,7.135600026231259e-05,0.00011031499889213592,0.02352519977648626,0.0035124122522263795,0.02465149964336888,0.017839000065578148,0.02757874972303398,2.4884900631150232e-05,2.011831085192539e-06,2.4326000129804015e-05,2.316000245627947e-05,3.002800076501444e-05,0.35511147350007377,0.040624912895341626,0.3421320729994477,0.3164732830009598,0.4471492499978922,14.1,5.566766466171263,11.5,9.0,26.0,6.1,0.8755950357709131,6.0,5.0,7.0,14.0,5.637178175095921,11.0,9.0,26.0,6.0,1.0540925533894598,6.0,4.0,7.0,0.21212121212121215,0.08541179053175638,0.16666666666666669,0.13636363636363635,0.3939393939393939,0.14285714285714285,0.09523809523809523,0.14285714285714285,0.0,0.2857142857142857,11.7,4.347413023856832,10.0,8.0,20.0,5.2,0.6324555320336759,5.0,4.0,6.0
piston,itea,domain_minmax,uncontrolled,10,10,0,0,10,10,10,10,0,0,benchmark_suite_v8,0.8546860313437182,1.1702778228589004e-16,0.8546860313437183,0.8546860313437183,0.8546860313437183,0.05406403378157716,0.0,0.05406403378157716,0.05406403378157716,0.05406403378157716,0.06273190151359541,0.0,0.06273190151359541,0.06273190151359541,0.06273190151359541,0.03898896030923711,0.0,0.03898896030923711,0.03898896030923711,0.03898896030923711,3.6973708574007107,0.13306250599710062,3.7213467825004045,3.481046695000259,3.9017097860014474,0.000833955599955516,0.00011318269697781516,0.0008027570002013817,0.0006948669979465194,0.0010898399996221997,0.20848889998887898,0.02829567424445379,0.20068925005034544,0.17371674948662985,0.2724599999055499,5.216319987084716e-05,1.2289011603223084e-05,4.890849959338084e-05,3.89989982068073e-05,7.943099990370683e-05,0.30639142370091577,0.00358531746245566,0.30462608650123,0.3028609660032089,0.3118677980019129,8.0,0.0,8.0,8.0,8.0,2.0,0.0,2.0,2.0,2.0,8.0,0.0,8.0,8.0,8.0,2.0,0.0,2.0,2.0,2.0,0.12121212121212119,2.925694557147251e-17,0.12121212121212122,0.12121212121212122,0.12121212121212122,0.2857142857142857,0.0,0.2857142857142857,0.2857142857142857,0.2857142857142857,8.0,0.0,8.0,8.0,8.0,2.0,0.0,2.0,2.0,2.0
piston,eql,domain_minmax,seed-controlled,10,10,0,0,10,10,10,10,0,0,benchmark_suite_v8,0.08366243009289857,1.1085333748498822,0.6759901251378847,-1.9674410831640778,0.8377741775331189,0.11677663629443927,0.07299087775650563,0.0806608177661026,0.057123493033800606,0.24431257233716655,0.13549896178127924,0.08469320978362296,0.09359284023371303,0.066281871485698,0.283482218295203,0.0960125703212251,0.0646010171313611,0.06492517951080339,0.04078391683900355,0.21056027118303633,24.609895383600268,0.33412142600537714,24.62258066350114,23.922388040999067,25.044370912000886,0.007591073900766787,0.00014746095624690393,0.00758088700058579,0.00739506399986567,0.007933568998851115,1.8977684751916968,0.03686523906172599,1.8952217501464474,1.8487659999664174,1.9833922497127787,0.047738592499990774,0.0019370622605932857,0.04715296850008599,0.04523024900117889,0.05244835099983902,0.3062807778005663,0.01787944216722956,0.29992424600095546,0.2926924869971117,0.35285596100220573,8.6,3.0983866769659336,8.0,5.0,17.0,2.2,0.6324555320336759,2.0,2.0,4.0,8.2,1.9321835661585915,8.0,5.0,13.0,2.1,0.31622776601683794,2.0,2.0,3.0,0.12424242424242422,0.029275508578160477,0.12121212121212122,0.07575757575757576,0.19696969696969696,0.2714285714285714,0.04517539514526255,0.2857142857142857,0.14285714285714285,0.2857142857142857,8.2,1.9321835661585915,8.0,5.0,13.0,2.1,0.31622776601683794,2.0,2.0,3.0
ccpp,gplearn,raw,seed-controlled,10,10,0,0,10,10,10,9,1,0,benchmark_suite_v8,-0.103248271646789,2.337652664920219,0.7524830736058685,-6.68593022628296,0.9262362959988975,13.13436506113096,12.679220215758889,8.348006402979436,4.605214757965713,47.00853841008826,0.1752416952785986,0.1691690489093915,0.11138100604375502,0.061443825990202976,0.6271986445642198,9.397741854599714,9.779242761013254,5.275295224777823,3.674370432521,35.85163959842024,35.42623484770011,10.159727890559909,36.03625910749906,20.644593108001573,55.09763657700023,0.001747750299909967,0.0009466097851206566,0.00177103549867752,0.0004837439992115833,0.003206990000762744,0.43693757497749175,0.23665244628016416,0.44275887466938,0.12093599980289582,0.801747500190686,0.00025374300021212547,0.00011674576184579668,0.000245327999436995,9.985100041376427e-05,0.0004939770005876198,22.92548788910026,39.818682086529634,3.5956084315002954,0.1296496980030497,120.06080998000107,135.5,85.2333398513881,133.0,3.0,264.0,11.1,6.640783086353597,10.5,1.0,22.0,131.77777777777777,90.05522996719537,135.0,3.0,264.0,11.0,6.819090848492928,11.0,1.0,22.0,,,,,,,,,,,131.77777777777777,90.05522996719537,135.0,3.0,264.0,11.0,6.819090848492928,11.0,1.0,22.0
ccpp,operon,raw,seed-controlled,10,10,0,0,10,10,10,10,0,0,benchmark_suite_v8,0.870891921221905,0.09643275580568876,0.9350655356261415,0.6762168933364879,0.9393124786571834,5.76011016430769,2.092671189084313,4.320755864933977,4.177132289082354,9.648407162605594,0.0768527039934315,0.02792089645209224,0.05764851053947935,0.05573225202244636,0.12873124966785318,3.573896059539795,0.18484834493845176,3.49606,3.363413245544433,3.8679002694702147,3.948102970800028,0.1447029088535374,3.9974012860002404,3.6705844749994867,4.126476678000472,9.509520023129881e-05,7.587652321483597e-06,9.54945007833885e-05,8.619100117357448e-05,0.00010395700155640952,0.0237738000578247,0.0018969130803708992,0.023873625195847126,0.02154775029339362,0.02598925038910238,6.625259920838289e-05,1.2009138002968417e-05,6.182899960549548e-05,5.654899723595008e-05,9.704499825602397e-05,4.4095165394996005,8.069071245683794,1.4932543249997252,0.5123789459976251,26.784997089998797,66.1,11.090035567521364,67.0,50.0,80.0,7.4,1.429840705968481,7.0,5.0,10.0,66.1,11.090035567521364,67.0,50.0,80.0,7.4,1.429840705968481,7.0,5.0,10.0,,,,,,,,,,,66.1,11.090035567521364,67.0,50.0,80.0,7.4,1.429840705968481,7.0,5.0,10.0
ccpp,pysr,raw,seed-controlled,10,10,0,0,10,10,10,10,0,0,benchmark_suite_v8,0.8930148885033639,0.006869284077429407,0.8946751795748091,0.8794111023040034,0.9006747520562771,5.54362878987938,0.17562569021093344,5.502880194315871,5.343900440817653,5.888195108767791,0.07396436010512848,0.0023432380281645576,0.07342068304624244,0.07129953890350439,0.0785616425452674,4.4702591037783055,0.16752937676498258,4.4166343836125,4.3006096767165705,4.78548035631984,89.70350654400026,0.9345071330820598,89.42026367400103,89.06635451800321,92.25074614000187,0.002621064400227624,0.00018575526666417242,0.002567066501796944,0.002393285001744516,0.0029799840012856293,0.655266100056906,0.046438816666043096,0.641766625449236,0.598321250436129,0.7449960003214073,0.007704362499862327,0.002045159147990589,0.007411341000988614,0.004780651001055958,0.0109950400001253,0.15028774039965356,0.01076789048702732,0.14590220150057576,0.1397522150000441,0.17115888300031656,7.6,3.0258148581093915,6.0,5.0,12.0,2.4,0.9660917830792959,2.0,2.0,5.0,7.5,2.8771127502720115,6.0,5.0,11.0,2.4,0.9660917830792959,2.0,2.0,5.0,,,,,,,,,,,7.5,2.8771127502720115,6.0,5.0,11.0,2.4,0.9660917830792959,2.0,2.0,5.0
ccpp,geneticengine,raw,seed-controlled,10,10,0,0,10,10,10,10,0,0,benchmark_suite_v8,0.7243007345415993,0.17053021173045982,0.792700924701851,0.4288371555599537,0.9147180290274235,8.533962463323286,2.6746816243424467,7.7135981860809135,4.951732141505197,12.814701766332952,0.11386207422712862,0.0356862124662101,0.10291658687232708,0.066067139980056,0.1709766746675511,6.9533185947302645,2.3906935004910865,6.213955410843566,3.9697604557192308,10.963437599393194,60.23301479330003,0.011098439456085674,60.23392137299925,60.21945068199784,60.257321862001845,0.00013042239952483216,4.5762803074590246e-05,0.000144548001117073,6.538600064232014e-05,0.0001801369980967138,0.032605599881208036,0.011440700768647562,0.03613700027926825,0.016346500160580035,0.04503424952417845,2.4240699713118374e-05,1.0331791679971126e-06,2.425499951641541e-05,2.27129967242945e-05,2.5645000278018415e-05,0.23339533620055591,0.05582667230720501,0.23511220200089156,0.14810768899769755,0.30319263900310034,25.6,10.308572484426088,26.0,9.0,41.0,6.2,0.6324555320336759,6.0,5.0,7.0,25.5,10.373577546396957,26.0,9.0,41.0,6.1,0.5676462121975467,6.0,5.0,7.0,,,,,,,,,,,25.5,10.373577546396957,26.0,9.0,41.0,6.1,0.5676462121975467,6.0,5.0,7.0
ccpp,itea,raw,uncontrolled,10,10,0,0,10,10,10,10,0,0,benchmark_suite_v8,0.9286222961933402,0.0,0.9286222961933402,0.9286222961933402,0.9286222961933402,4.530121142737473,9.362222582871203e-16,4.530121142737474,4.530121142737474,4.530121142737474,0.060441909843061706,7.314236392868128e-18,0.0604419098430617,0.0604419098430617,0.0604419098430617,3.6332258313530597,0.0,3.6332258313530597,3.6332258313530597,3.6332258313530597,11.668220624800233,0.149830870160005,11.636285755001154,11.491070970001601,11.881208560997038,0.0008809608003502945,9.26864378037893e-05,0.0008650710005895235,0.000782611001341138,0.0010566320015641395,0.2202402000875736,0.023171609450947327,0.21626775014738087,0.1956527503352845,0.2641580003910349,5.57723000383703e-05,1.4263693785311214e-05,5.621250056719873e-05,3.603499862947501e-05,7.450100019923411e-05,0.2965806389005593,0.002879049974637789,0.29686363649852865,0.2931235440009914,0.3029941660024633,19.0,0.0,19.0,19.0,19.0,5.0,0.0,5.0,5.0,5.0,19.0,0.0,19.0,19.0,19.0,5.0,0.0,5.0,5.0,5.0,,,,,,,,,,,19.0,0.0,19.0,19.0,19.0,5.0,0.0,5.0,5.0,5.0
ccpp,eql,raw,seed-controlled,10,10,0,0,10,10,10,10,0,0,benchmark_suite_v8,-4.219568758048007,11.916451341438709,0.29421911932686434,-37.34893261432865,0.9133555445560002,24.77905760818793,31.38808514584071,13.299179100265867,4.991130414416847,105.00383715412087,0.3306078400025075,0.41878699327339175,0.17744068179140585,0.066592800726042,1.4009851521563828,23.808109912720287,31.61254664522885,12.253578763553628,4.059416602336563,104.81624707097787,24.43594601770019,0.3301348884418991,24.458736333501292,23.825533107999945,24.990359408002405,0.0076703676997567525,0.0001781705863746979,0.0076450150008895434,0.007448347998433746,0.00801671099907253,1.9175919249391882,0.04454264659367448,1.9112537502223859,1.8620869996084366,2.0041777497681323,0.07667945740031427,0.0014810395010092824,0.07653361250049784,0.07487323199893581,0.07896539300054428,1.6497643088998302,1.796744252542898,0.8071685129998514,0.4301626619999297,5.246489818000555,42.8,1.9321835661585915,43.5,38.0,44.0,4.0,0.0,4.0,4.0,4.0,42.2,2.097617696340303,43.0,37.0,44.0,4.0,0.0,4.0,4.0,4.0,,,,,,,,,,,42.2,2.097617696340303,43.0,37.0,44.0,4.0,0.0,4.0,4.0,4.0
ccpp,gplearn,domain_minmax,seed-controlled,10,10,0,0,10,10,10,4,6,0,benchmark_suite_v8,-24.89348606265844,58.182746973848545,0.6827225393942288,-177.60095659421776,0.9235097283948199,47.30683343272135,76.06115993677547,9.345129581422503,4.6895549711483335,226.6054860815142,0.6311785648128267,1.014825349389933,0.12468485098629092,0.06256911235688238,3.023422095817401,32.81647695043521,57.97467202697581,7.130537462179898,3.712565341290466,178.8958005557072,50.13609731690012,24.119910385902358,44.43233095799951,26.158265766000113,105.923723316002,0.003036792300554225,0.002092328835507423,0.002553098001953913,0.0007602910009154584,0.007900562999566318,0.7591980751385563,0.5230822088768556,0.6382745004884782,0.1900727502288646,1.9751407498915796,0.0004765420999319758,0.0005097563151921255,0.0002699055003176909,0.00012397300088196062,0.001846628998464439,73.1988895204995,60.96118367445783,120.22072417350137,0.24810079199960455,120.72466026300026,400.8,406.53653655674736,252.0,16.0,1328.0,25.6,21.250882334623192,22.0,6.0,79.0,99.5,75.45638917061078,103.0,16.0,176.0,11.0,4.96655480858378,10.5,6.0,17.0,,,,,,,,,,,76.25,56.28720991486432,79.5,16.0,130.0,10.25,5.315072906367325,9.0,6.0,17.0
ccpp,operon,domain_minmax,seed-controlled,10,9,1,0,9,9,9,8,1,0,benchmark_suite_v8,0.8418130147358838,0.2774784015319899,0.9364027731651681,0.10212948484494955,0.9391529892566851,5.643882500492191,3.91545403649138,4.276097694477024,4.182617528700638,16.067021861331423,0.07530196798521936,0.05224088107393437,0.057052671040387255,0.05580543734090246,0.2143698713986848,3.4705455694241,0.1371294036082816,3.4234536749267583,3.330194157409668,3.7926107675170906,3.88293544155628,0.12303650271352512,3.8952115640022384,3.7324509720019705,4.105609255002491,0.00011864211086908149,1.5991909574952785e-05,0.00012635500024771318,9.727500219014473e-05,0.00013453200153890066,0.02966052771727037,0.003997977393738196,0.031588750061928295,0.024318750547536183,0.033633000384725165,6.382655556080863e-05,8.954243353504077e-06,6.09399976383429e-05,5.887400038773194e-05,8.757999967201613e-05,36.588145941333806,40.531645319362156,16.191723849999107,1.6350236219986982,120.08408820200202,85.22222222222223,13.131810402394805,87.0,65.0,103.0,7.777777777777778,1.7159383568311668,8.0,4.0,10.0,82.5,12.106668764421887,83.5,64.0,100.0,7.625,1.7677669529663689,8.0,4.0,10.0,,,,,,,,,,,63.75,5.007137762377681,64.0,55.0,70.0,7.0,1.5118578920369088,7.0,4.0,9.0
ccpp,pysr,domain_minmax,seed-controlled,10,10,0,0,10,10,10,10,0,0,benchmark_suite_v8,0.8960855929127882,0.004883244920059698,0.8973280083070143,0.886832383992674,0.9019979145451767,5.464624806924753,0.1273196146731258,5.433157704724572,5.308186684632554,5.704132605016488,0.07291027093962314,0.0016987273472064822,0.07249042968278283,0.07082303782031428,0.07610583862597049,4.401093281611434,0.10911669309660459,4.354384267172804,4.288835737866715,4.601633315649999,89.47722057690044,0.3866752450626162,89.55437634700138,88.90533938999943,90.0102248209987,0.0025903532001393613,0.00011007197745640965,0.0025812750009208685,0.002427234998322092,0.0027500180003698915,0.6475883000348404,0.027517994364102412,0.6453187502302171,0.606808749580523,0.6875045000924729,0.009802908699202816,0.0014180459504750161,0.009637819499403122,0.007901349999883678,0.01262814899746445,0.1508530092996807,0.007964944372639787,0.1467237645010755,0.14483000099789933,0.1665181139978813,5.6,1.2649110640673518,5.0,5.0,8.0,2.0,0.0,2.0,2.0,2.0,5.6,1.2649110640673518,5.0,5.0,8.0,2.0,0.0,2.0,2.0,2.0,,,,,,,,,,,5.6,1.2649110640673518,5.0,5.0,8.0,2.0,0.0,2.0,2.0,2.0
ccpp,geneticengine,domain_minmax,seed-controlled,10,10,0,0,10,10,10,10,0,0,benchmark_suite_v8,-0.2575299088868377,0.9577548256373558,-0.0016182869764368446,-2.2745729368971586,0.8443026248046976,17.716692725160147,7.278174368746175,16.96991091832585,6.690663300523341,30.68356828512104,0.2363801564397618,0.09710706295858806,0.22641642319314015,0.08926835624447421,0.4093871685806677,14.494783713903777,5.44845037701074,14.769547480400437,5.334196420089844,23.817146379246985,60.237546648099666,0.022311418051782394,60.231611406999946,60.208803289999196,60.28563174399824,0.00011792389996116981,5.927561244089351e-05,0.00010333449972677045,5.921399861108512e-05,0.00022154399994178675,0.029480974990292452,0.014818903110223379,0.02583362493169261,0.01480349965277128,0.05538599998544669,2.52449004619848e-05,1.6166118476003096e-06,2.5014500351971947e-05,2.359400241402909e-05,2.9046001145616174e-05,0.3720282856000267,0.28270463176013716,0.29162771300070744,0.13430426100239856,1.0806027629987511,17.8,9.852241707685955,16.5,1.0,33.0,5.5,2.5055493963954847,5.5,0.0,8.0,17.8,9.852241707685955,16.5,1.0,33.0,5.5,2.5055493963954847,5.5,0.0,8.0,,,,,,,,,,,16.6,8.422192905255336,16.5,1.0,30.0,5.3,2.359378449224852,5.5,0.0,8.0
ccpp,itea,domain_minmax,uncontrolled,10,10,0,0,10,10,10,0,10,0,benchmark_suite_v8,0.917983313087926,2.340555645717801e-16,0.9179833130879258,0.9179833130879258,0.9179833130879258,4.856010760758241,9.362222582871203e-16,4.856010760758242,4.856010760758242,4.856010760758242,0.06479000347909594,1.4628472785736255e-17,0.06479000347909596,0.06479000347909596,0.06479000347909596,3.84770422241287,4.681111291435602e-16,3.8477042224128697,3.8477042224128697,3.8477042224128697,4.206267242899775,0.12261516016683091,4.240376918001857,4.050146829998994,4.370217774998309,0.0007829115002095932,2.7629082842904858e-05,0.0007854420000512619,0.0007281049984158017,0.000818952001282014,0.1957278750523983,0.006907270710726214,0.19636050001281546,0.18202624960395042,0.2047380003205035,4.7217199971782974e-05,1.4801452694025162e-05,4.090800211997703e-05,3.670899968710728e-05,7.486699905712157e-05,60.87042291109974,0.5269857090867286,60.71439123649907,60.66168674800065,62.36771595299797,19.0,0.0,19.0,19.0,19.0,6.0,0.0,6.0,6.0,6.0,,,,,,,,,,,,,,,,,,,,,11.0,0.0,11.0,11.0,11.0,4.0,0.0,4.0,4.0,4.0
ccpp,eql,domain_minmax,seed-controlled,10,10,0,0,10,10,10,10,0,0,benchmark_suite_v8,0.642880353612813,0.6919122174073105,0.898885792407371,-1.289801082661473,0.9359257250983599,7.9191961265219275,6.66356366140168,5.345273275541267,4.292105413270694,25.658272176611927,0.10565972150129326,0.0889067866764734,0.07131785557760198,0.05726624967672708,0.3423385213690718,6.577353349420878,5.773157617814715,4.316497104502572,3.469842731831972,21.93055113572119,24.409512233200076,0.4246269953355166,24.34803851450124,23.758598095999332,25.19720932099881,0.007468138999320218,0.00010861504372231058,0.007456094997905893,0.007328607000090415,0.007720577999862144,1.8670347498300544,0.02715376093057764,1.8640237494764733,1.8321517500226037,1.930144499965536,0.07555934729934961,0.0006382985872927747,0.07579450899720541,0.07446786800210248,0.07625096899937489,3.1329310328994326,1.6949948856598003,2.8035194169988245,1.0874058269982925,5.968355725999572,43.4,0.5163977794943222,43.0,43.0,44.0,4.0,0.0,4.0,4.0,4.0,43.2,0.4216370213557839,43.0,43.0,44.0,4.0,0.0,4.0,4.0,4.0,,,,,,,,,,,43.3,0.4830458915396479,43.0,43.0,44.0,4.0,0.0,4.0,4.0,4.0
naval_propulsion,gplearn,raw,seed-controlled,10,10,0,0,10,10,10,10,0,0,benchmark_suite_v8,0.9750881172895729,0.016388550067824696,0.9813290008129913,0.9516368858794978,0.991114332466908,0.07587462344494393,0.02645122314503417,0.0684953789155139,0.0477285914517961,0.11135012701430817,0.04301282508216776,0.014995024458636153,0.038829579884078175,0.027057024632537473,0.06312365477001597,0.05553270786159935,0.019465994367530295,0.05366157840951808,0.031085589144018228,0.0851905871770459,23.437841411299814,1.7055718749595299,23.725741940499574,20.81900720699923,26.498830958000326,0.000719460300024366,0.00014894180365754593,0.0007146465013647685,0.000471855000796495,0.0009495790000073612,0.1798650750060915,0.03723545091438648,0.17866162534119212,0.11796375019912375,0.2373947500018403,0.00010861319969990291,5.124936500839762e-06,0.00010948400085908361,9.929799853125587e-05,0.00011721500050043687,0.29855603829892063,0.14669602974840032,0.24394150199987052,0.1609991759978584,0.6540053600001556,17.6,5.621387729022079,19.5,9.0,26.0,6.7,3.1287200080686173,5.5,3.0,12.0,17.3,5.250396810400778,19.5,9.0,24.0,6.7,3.1287200080686173,5.5,3.0,12.0,,,,,,,,,,,17.3,5.250396810400778,19.5,9.0,24.0,6.7,3.1287200080686173,5.5,3.0,12.0
naval_propulsion,operon,raw,seed-controlled,10,10,0,0,10,10,10,8,2,0,benchmark_suite_v8,0.9964120235240455,8.127982346516135e-05,0.9964418405014118,0.996259860136934,0.9964849016849416,0.030327286834806316,0.0003417998780744113,0.030202624852380212,0.03001942201757846,0.030965458115425972,0.017192339475513786,0.00019376410321678597,0.017121669417449102,0.01701781293513518,0.01755411457790588,0.016564488251230122,0.0010094062985148233,0.01626454637330771,0.015266793976038699,0.018341035434871915,4.043386417800138,0.0820854029196676,4.067193017499449,3.9329728679986147,4.1698971270016045,9.369290019094479e-05,8.242849496749988e-06,9.217799924954306e-05,8.469900058116764e-05,0.00011320699923089705,0.023423225047736196,0.002060712374187497,0.023044499812385766,0.02117475014529191,0.028301749807724264,6.676489974779542e-05,1.9677976004584716e-05,6.020399814588018e-05,5.831700036651455e-05,0.00012239199713803828,70.6083489763998,39.30823799766746,58.8418786534985,23.718648810998275,120.0517074140007,72.9,11.770490407984047,68.0,59.0,97.0,7.9,1.5238839267549946,8.0,5.0,10.0,70.25,9.269766525030251,67.0,59.0,85.0,7.75,1.4880476182856899,8.0,5.0,9.0,,,,,,,,,,,70.25,9.269766525030251,67.0,59.0,85.0,7.75,1.4880476182856899,8.0,5.0,9.0
naval_propulsion,pysr,raw,seed-controlled,10,10,0,0,10,10,10,10,0,0,benchmark_suite_v8,0.9730618536821763,0.021596871058624036,0.9865199327799323,0.936568375874423,0.9928923110513079,0.07706852076815315,0.03277151953060491,0.058774587226943634,0.042687212382641844,0.12752240764970027,0.043689637623669585,0.018577958917576482,0.03331892699940116,0.024199099990159775,0.07229161431388904,0.06108981432362857,0.0283622061333601,0.046364302244292346,0.03133399869993401,0.10231020547842633,89.074289360299,0.6619791933781023,89.26278750099846,87.94209493000017,89.85043615199902,0.002832323500115308,0.00041622191076603804,0.0027954955003224313,0.0023359229999186937,0.00364743099999032,0.708080875028827,0.10405547769150952,0.6988738750806078,0.5839807499796734,0.91185774999758,0.008713380800327287,0.001497432417961044,0.008120164500724059,0.00692174700088799,0.011207381001440808,0.31212411150008845,0.3185865412341378,0.1652983870008029,0.12683083500087378,1.168639167000947,13.3,7.674633541739958,12.0,5.0,30.0,4.3,1.766981104093143,4.5,2.0,7.0,12.7,6.766748767974831,11.5,5.0,27.0,4.2,1.6865480854231356,4.5,2.0,7.0,,,,,,,,,,,12.7,6.766748767974831,11.5,5.0,27.0,4.2,1.6865480854231356,4.5,2.0,7.0
naval_propulsion,geneticengine,raw,seed-controlled,10,10,0,0,10,10,10,10,0,0,benchmark_suite_v8,0.9475353952985666,0.01977601537589648,0.953604988114565,0.9187066820983302,0.97931853326152,0.11396842972041954,0.022645747385094138,0.10890721877716775,0.07281557040756127,0.14436469997101617,0.06460795335624689,0.01283772527499668,0.061738786154857,0.04127866803149732,0.08183939907653978,0.09192185792912362,0.01955161782749966,0.08877096781822526,0.05561892454842727,0.11524311382969966,60.26198238369943,0.03052062549126856,60.262297481500354,60.20687608899971,60.322827148000215,0.00015815980041224975,7.53627766335308e-05,0.00014450299931922927,6.0346003010636196e-05,0.0002764770033536479,0.03953995010306244,0.0188406941583827,0.03612574982980732,0.015086500752659049,0.06911925083841197,2.4464599482598716e-05,8.624797608954821e-07,2.431750181131065e-05,2.3247001081472263e-05,2.585899710538797e-05,0.565483153700552,0.6924792807471357,0.2942218895022961,0.18244213399884757,2.43628656600049,28.3,9.638464608017193,29.0,11.0,41.0,4.8,1.3984117975602022,5.0,2.0,7.0,28.3,9.638464608017193,29.0,11.0,41.0,4.8,1.3984117975602022,5.0,2.0,7.0,,,,,,,,,,,28.3,9.638464608017193,29.0,11.0,41.0,4.8,1.3984117975602022,5.0,2.0,7.0
naval_propulsion,itea,raw,uncontrolled,10,10,0,0,10,10,10,10,0,0,benchmark_suite_v8,0.9636441164818695,0.0,0.9636441164818695,0.9636441164818695,0.9636441164818695,0.09654303325701973,0.0,0.09654303325701973,0.09654303325701973,0.09654303325701973,0.05472961068992048,0.0,0.05472961068992048,0.05472961068992048,0.05472961068992048,0.0778370013602878,0.0,0.0778370013602878,0.0778370013602878,0.0778370013602878,6.491633583599833,0.0649589193387156,6.4810578745000385,6.401592163001624,6.592908935999731,0.0007215350997284986,9.818754651575653e-05,0.0006909004987392109,0.0006161810015328228,0.0009046559971466195,0.18038377493212465,0.02454688662893913,0.17272512468480272,0.1540452503832057,0.22616399928665487,5.18236993229948e-05,1.9962666946876036e-05,4.487849946599454e-05,3.651599763543345e-05,0.00010178899901802652,0.23996065780011122,0.024073116985830485,0.2332387500009645,0.2162607720019878,0.27497779300028924,18.0,0.0,18.0,18.0,18.0,6.0,0.0,6.0,6.0,6.0,18.0,0.0,18.0,18.0,18.0,6.0,0.0,6.0,6.0,6.0,,,,,,,,,,,18.0,0.0,18.0,18.0,18.0,6.0,0.0,6.0,6.0,6.0
naval_propulsion,eql,raw,seed-controlled,10,10,0,0,10,10,10,10,0,0,benchmark_suite_v8,-0.3902267837734196,3.7979565340087533,0.8617495410127993,-11.17298047241905,0.9843159024427518,0.3374301196581916,0.5191374603384402,0.18826382535657443,0.06341081798466199,1.76657488014067,0.1912869159060043,0.29429561243675756,0.10672552457855693,0.03594717572826643,1.0014596826194275,0.25831164249622696,0.3545683784645975,0.15284856304024405,0.052101779003645154,1.2066408200250536,24.471751843400853,0.2949581022455566,24.518581217000246,24.02140528000018,24.89623999000105,0.007546768901011092,0.00015092975700822827,0.007498806000512559,0.0074144790014543105,0.00789226200140547,1.886692225252773,0.03773243925205706,1.8747015001281397,1.8536197503635776,1.9730655003513675,0.050363198899503914,0.006768949631617868,0.05149263649946079,0.043343481000192696,0.06609685999865178,0.1850570319002145,0.06363151415361466,0.17778840699975262,0.1389333320003061,0.35850637200201163,13.8,8.416914187779536,16.0,5.0,32.0,3.2,1.0327955589886446,4.0,2.0,4.0,10.4,7.589466384404111,10.0,5.0,31.0,2.7,0.6749485577105528,3.0,2.0,4.0,,,,,,,,,,,10.4,7.589466384404111,10.0,5.0,31.0,2.7,0.6749485577105528,3.0,2.0,4.0
naval_propulsion,gplearn,domain_minmax,seed-controlled,10,10,0,0,10,10,10,9,1,0,benchmark_suite_v8,0.963534339565786,0.025184625760792775,0.9677762606594315,0.9045231071715215,0.9902738476679305,0.09185605979772023,0.03181832202970344,0.09085627759236964,0.049934892773632125,0.1564525789901534,0.052072596257211015,0.018037597522507613,0.05150582629952927,0.02830776234332887,0.08869193820303481,0.0701894100451194,0.029371128040033754,0.06606928693605134,0.03792140945343007,0.1356850796126877,21.682608631499534,1.1435590206673376,21.56498654849929,20.489059373998316,24.529792189001455,0.0006772659999114694,8.692138798891381e-05,0.0006778869992558612,0.0005568160013353918,0.0008412620009039529,0.16931649997786735,0.021730346997228457,0.1694717498139653,0.13920400033384794,0.21031550022598822,0.0001066415999957826,5.4145406832291596e-06,0.00010601149915601127,0.00010053900041384622,0.00011612100206548348,6.698624312699394,19.36459094560842,0.5093519119982375,0.1853769570006989,61.799306471999444,25.9,13.819872969347038,22.5,12.0,54.0,7.8,2.780887148615228,7.5,5.0,12.0,23.22222222222222,13.2077418374393,22.0,10.0,54.0,7.111111111111111,2.619372274250285,7.0,4.0,11.0,,,,,,,,,,,15.3,8.165646194746486,13.0,7.0,34.0,6.1,2.5582111805799856,5.5,3.0,10.0
naval_propulsion,operon,domain_minmax,seed-controlled,10,10,0,0,10,10,10,10,0,0,benchmark_suite_v8,0.9964784669590813,4.225868406861382e-05,0.9964869197240677,0.9963880870161648,0.9965253295537212,0.03004640214577737,0.0001797743295711927,0.030010800012337364,0.029846293006055232,0.030430019279330905,0.017033107792390794,0.00010191288524444091,0.017012925177062,0.01691966723699276,0.017250577822749948,0.01522971653001905,0.00099050537155413,0.014915843835249545,0.01386113844203949,0.017113960495322943,3.9436908218001916,0.11399567230769757,3.9443044929994358,3.7607654740022554,4.132928260998597,9.274500043829904e-05,1.5769972603836117e-05,8.885800161806401e-05,8.047700248425826e-05,0.00013597499855677597,0.023186250109574758,0.003942493150959029,0.022214500404516002,0.020119250621064566,0.03399374963919399,6.787460042687599e-05,3.116012629295637e-05,5.830200097989291e-05,5.556899850489572e-05,0.00015641199934179895,6.0370245249996515,5.207885834266589,3.9551536925009714,1.6495503389996884,16.690170273999684,66.7,14.689754555093455,68.0,45.0,87.0,8.0,1.3333333333333333,8.0,6.0,10.0,66.6,14.660604807897023,68.0,45.0,87.0,8.0,1.3333333333333333,8.0,6.0,10.0,,,,,,,,,,,56.0,10.697871023920808,55.5,41.0,77.0,7.6,1.0749676997731399,8.0,6.0,9.0
naval_propulsion,pysr,domain_minmax,seed-controlled,10,10,0,0,10,10,10,10,0,0,benchmark_suite_v8,0.9919426602354585,0.0012788514191744407,0.9914421109190406,0.9902049167727578,0.9935532092583406,0.04531786165542054,0.00364409420314539,0.04683757274538061,0.04065419582695047,0.05011152890100722,0.025690397763843843,0.0020658130403318543,0.02655191198717722,0.023046596273781444,0.028407896202385048,0.034728222278236534,0.002206029000363643,0.03452804663467189,0.03121202561101805,0.03834738415568815,89.2016956014002,0.5284885969272086,89.27295169199897,87.8928727929997,89.74964553599784,0.0028021015012200225,0.00037825666648075404,0.0026658010010578437,0.0024593810012447648,0.0035733549993892666,0.7005253753050056,0.0945641666201885,0.6664502502644609,0.6148452503111912,0.8933387498473166,0.009780742699877009,0.0015747924178978303,0.00947836649902456,0.007467833998816786,0.012669051000557374,0.28352594660027536,0.23909898395681625,0.16963581000163686,0.14842805700027384,0.9213269610008865,15.2,11.252654007931739,10.5,6.0,34.0,4.8,2.250925735484551,3.5,3.0,9.0,14.1,9.85956951956378,10.5,6.0,34.0,4.7,2.1628170930011112,3.5,3.0,9.0,,,,,,,,,,,10.8,6.338594306135847,8.5,6.0,25.0,4.3,1.8287822299126935,3.5,3.0,8.0
naval_propulsion,geneticengine,domain_minmax,seed-controlled,10,10,0,0,10,10,10,10,0,0,benchmark_suite_v8,0.9279976631981466,0.03314070435091239,0.9244448212853653,0.8767226449119687,0.9733480449249141,0.13225794310293598,0.032779980499171975,0.13915186241829602,0.0826605183399084,0.17777686444874694,0.07497615822161904,0.018582755385018124,0.07888427574733337,0.04685970427432449,0.10078053540178397,0.09852428384609187,0.026369825441691,0.09719733506099248,0.05947211723014651,0.1282724779343169,60.240956639199794,0.02218650856806206,60.234487963498395,60.22485347800102,60.300097271003324,0.00012563339987536892,4.1215929636883537e-05,0.0001186124991363613,7.25780009815935e-05,0.00018924699907074682,0.03140834996884223,0.010303982409220884,0.029653124784090323,0.018144500245398376,0.047311749767686706,2.4077999842120335e-05,8.260138447950554e-07,2.393649992882274e-05,2.3142001737141982e-05,2.5708999601192772e-05,0.31084794259913906,0.12430319830550476,0.2820642474980559,0.18113373399683041,0.6008446289997664,25.8,8.547904226573124,25.5,13.0,42.0,7.0,0.9428090415820634,7.0,5.0,8.0,25.1,8.849984306326323,25.0,13.0,42.0,6.8,1.0327955589886444,7.0,5.0,8.0,,,,,,,,,,,18.3,5.313504806936128,17.0,11.0,27.0,5.7,0.6749485577105528,6.0,5.0,7.0
naval_propulsion,itea,domain_minmax,uncontrolled,10,10,0,0,10,10,10,10,0,0,benchmark_suite_v8,0.9924663760756254,1.1702778228589004e-16,0.9924663760756253,0.9924663760756253,0.9924663760756253,0.043947639798270446,7.314236392868128e-18,0.04394763979827045,0.04394763979827045,0.04394763979827045,0.024913628003554678,0.0,0.024913628003554678,0.024913628003554678,0.024913628003554678,0.035766391438457654,7.314236392868128e-18,0.03576639143845765,0.03576639143845765,0.03576639143845765,3.6070731586001785,0.17892524734990153,3.6362259320012527,3.2510878479988605,3.8815762929989432,0.0007954403994517633,9.360201992935339e-05,0.0007715345000178786,0.0006793039974581916,0.0010032069985754788,0.19886009986294084,0.02340050498233835,0.19288362500446965,0.1698259993645479,0.2508017496438697,5.945619959675241e-05,2.0361438089660245e-05,6.013549864292145e-05,3.4387998312013224e-05,9.409100312041119e-05,0.36377193970001825,0.0035835176478146466,0.36327290599911066,0.3590193630006979,0.36945346600259654,18.0,0.0,18.0,18.0,18.0,5.0,0.0,5.0,5.0,5.0,18.0,0.0,18.0,18.0,18.0,5.0,0.0,5.0,5.0,5.0,,,,,,,,,,,10.0,0.0,10.0,10.0,10.0,3.0,0.0,3.0,3.0,3.0
naval_propulsion,eql,domain_minmax,seed-controlled,10,10,0,0,10,10,10,10,0,0,benchmark_suite_v8,0.7860804466778575,0.6097795440760588,0.9829989247285943,-0.9491443579747034,0.9843177899608612,0.1355499935903625,0.20129787675775995,0.06601402136297861,0.06340700225130269,0.7068961080520035,0.07684239999453656,0.11411444260643985,0.03742291460486316,0.03594501261411717,0.4007347551315213,0.09879903728566639,0.1358558356529328,0.05223324441095563,0.049713544185577246,0.48451026248068857,24.36958051790025,0.41074216938463703,24.389110531999904,23.740430550999008,24.998470497001108,0.007514645800620201,0.00012917180445865884,0.007506600999477087,0.007350067000515992,0.007743497000774369,1.8786614501550503,0.03229295111466471,1.8766502498692716,1.837516750128998,1.9358742501935922,0.04970971369912149,0.001006274917459462,0.04975115699926391,0.04830665999907069,0.0516225189967372,0.18529575589964226,0.007631644624377051,0.18373691750093712,0.17483742699914728,0.1970380969978578,13.7,1.4944341180973262,13.0,13.0,17.0,4.0,0.0,4.0,4.0,4.0,10.0,0.0,10.0,10.0,10.0,3.0,0.0,3.0,3.0,3.0,,,,,,,,,,,10.0,0.0,10.0,10.0,10.0,3.0,0.0,3.0,3.0,3.0
wing_weight,gplearn,raw,seed-controlled,10,10,0,0,10,9,9,7,2,0,benchmark_suite_v8,0.6506210989792393,0.20117903852361796,0.7062886492936564,0.30733421883487655,0.8846623004141158,27.025137215657416,8.150727246857688,25.760539563478506,16.150716429951533,39.57929152903695,0.08385042381786476,0.025289119852345197,0.07992677864825412,0.05011054733253994,0.1228019803428717,21.553572627755898,6.450853841784991,20.792885058270556,13.310899336952067,32.009052364878436,52.14963382469999,24.91833054930336,45.37972881600001,28.331146592000003,108.89644236999993,0.004974445699973273,0.0041171076941907015,0.002849309000019673,0.0016500909998740099,0.014631491999807622,1.2436114249933183,1.0292769235476753,0.7123272500049183,0.41252274996850247,3.6578729999519055,0.0005217258000172365,0.00015344994294190566,0.00057760299984011,0.00027376499997444625,0.0006899680000174158,31.66930585350001,48.18561471396949,8.749094049499945,0.02762968600018212,121.90321701099992,284.1111111111111,119.63532551512998,269.0,154.0,545.0,16.88888888888889,8.403041777303688,20.0,6.0,31.0,247.42857142857142,78.5299457592604,249.0,154.0,377.0,14.142857142857142,6.914443130833011,11.0,6.0,22.0,5.498412698412698,1.7451099057613424,5.533333333333333,3.422222222222222,8.377777777777778,0.6222222222222222,0.15634719199411432,0.6,0.5,1.0,247.42857142857142,78.5299457592604,249.0,154.0,377.0,14.142857142857142,6.914443130833011,11.0,6.0,22.0
wing_weight,operon,raw,seed-controlled,10,10,0,0,10,10,10,9,1,0,benchmark_suite_v8,0.9933103306927045,0.001828190700421008,0.9928233012624055,0.9898594470655484,0.9956365817498866,3.8564595948860174,0.5343258330587336,4.028615492665743,3.141373467295507,4.788913224036758,0.011965370199131372,0.0016578434810999186,0.012499515312859484,0.00974668489195739,0.014858477877766845,2.8348268285877607,0.35934867176581137,2.9196241952457576,2.3137978713734184,3.307988429681843,4.04378464410002,0.08578144607685119,4.041826629500065,3.9360322759999917,4.171183437999957,0.00012852959994091862,6.103769908385587e-05,0.00010686699999951088,9.982199998148644e-05,0.0002992019999510376,0.032132399985229654,0.015259424770963967,0.02671674999987772,0.02495549999537161,0.0748004999877594,6.6747100009934e-05,4.004078046957653e-06,6.732699995382063e-05,6.221600006028893e-05,7.253899991610524e-05,22.98102274450007,36.81888156954906,8.998779789500077,0.07569855600013398,120.13830338000025,51.9,27.642358799494662,63.0,1.0,80.0,5.1,2.8067379246694513,6.0,0.0,8.0,50.55555555555556,28.97029129604633,62.0,1.0,80.0,5.0,2.958039891549808,6.0,0.0,8.0,1.1234567901234567,0.6437842510232519,1.3777777777777778,0.022222222222222223,1.7777777777777777,0.63,0.3334999583541537,0.8,0.0,0.8,50.55555555555556,28.97029129604633,62.0,1.0,80.0,5.0,2.958039891549808,6.0,0.0,8.0
wing_weight,pysr,raw,seed-controlled,10,10,0,0,10,10,10,10,0,0,benchmark_suite_v8,0.593162436335554,0.1614294721812947,0.6303576826672772,0.2622948353751946,0.8212172328493392,29.808106227817785,5.9229524351864695,28.86756327744367,20.108004643294745,40.845814564669205,0.09248509343228706,0.018377041640169824,0.08956688715720171,0.062388756734785784,0.12673159936627948,23.93985935732356,4.504838034265722,23.578691114109105,16.373790385389498,31.97991101383914,89.51671771650001,0.6350874959126767,89.32257384349998,89.037192645,91.207425622,0.0028679954000210726,0.0002701662999306846,0.0028529285000047366,0.002495404999990569,0.00326716600011423,0.7169988500052682,0.06754157498267115,0.7132321250011842,0.6238512499976423,0.8167915000285575,0.008183690000015531,0.0020387390751031957,0.00841677549999531,0.0053611499999988155,0.01122208300012062,0.17745018959994924,0.03156334255772476,0.1685219609998967,0.1430792979999751,0.2448689459997695,9.0,4.0276819911981905,8.0,5.0,17.0,3.3,1.1595018087284057,3.0,2.0,5.0,9.0,4.0276819911981905,8.0,5.0,17.0,3.3,1.1595018087284057,3.0,2.0,5.0,0.2,0.08950404424884867,0.17777777777777778,0.1111111111111111,0.37777777777777777,0.29999999999999993,0.06666666666666668,0.3,0.2,0.4,9.0,4.0276819911981905,8.0,5.0,17.0,3.3,1.1595018087284057,3.0,2.0,5.0
wing_weight,geneticengine,raw,seed-controlled,10,10,0,0,10,10,10,10,0,0,benchmark_suite_v8,0.5708846909890664,0.21993036670140917,0.6998794097993573,0.22440332737550284,0.7759006319343972,30.26025744676151,7.8028618937432315,26.021634736731933,22.51264200831561,41.88168229641033,0.09388797516552874,0.02420980406358765,0.08073687410713729,0.0698495833191724,0.12994556818474015,24.507517193744917,6.433905305597536,20.928266226399238,18.222629114690157,34.15670551372631,60.232227473000044,0.0213624946293059,60.23099874750005,60.208843169000005,60.26431663500034,0.0001430105000167714,6.103562003363097e-05,0.000125680000110151,7.409399995594868e-05,0.00025114599998232734,0.03575262500419285,0.015258905008407741,0.03142000002753775,0.01852349998898717,0.06278649999558183,2.5217599983307082e-05,4.593803961800556e-06,2.4115499968502263e-05,2.2679000039715902e-05,3.818300001512398e-05,0.30487574039998433,0.10368060862981547,0.2833191339998393,0.18576757499977248,0.4536778870001399,27.7,11.165920373071707,25.5,16.0,52.0,5.9,1.3703203194062978,6.0,4.0,9.0,26.4,8.94675608499776,25.5,15.0,43.0,6.1,1.3703203194062978,6.0,4.0,9.0,0.5866666666666667,0.19881680188883913,0.5666666666666667,0.3333333333333333,0.9555555555555556,0.37,0.11595018087284058,0.4,0.2,0.5,26.4,8.94675608499776,25.5,15.0,43.0,6.1,1.3703203194062978,6.0,4.0,9.0
wing_weight,itea,raw,uncontrolled,10,10,0,0,10,10,10,10,0,0,benchmark_suite_v8,0.9784448422067642,0.005547237500306769,0.974147970515535,0.974147970515535,0.9848901497436089,6.926080994075113,0.929847317870071,7.6463376294003975,5.84569604108696,7.6463376294003975,0.021489431195693885,0.002885021121896036,0.02372415894740588,0.01813733956812518,0.02372415894740588,5.424687725229405,0.6274330578041342,5.910695281976486,4.695676390108585,5.910695281976486,11.52475903990005,0.5433799054050007,11.683612005999976,10.73294603599993,12.072793581000042,0.0008196739999732471,7.899472569730326e-05,0.0008349004998535747,0.0007107420000238562,0.0009157560000403464,0.2049184999933118,0.019748681424325815,0.20872512496339368,0.17768550000596406,0.2289390000100866,5.2701700042234734e-05,1.4805702872161679e-05,4.6565500042561325e-05,3.8210000013805256e-05,7.835500002784102e-05,0.22446827330009,0.0030716972850345424,0.2251025960001698,0.21867694399998072,0.2288946990001932,25.0,2.581988897471611,27.0,22.0,27.0,6.0,0.0,6.0,6.0,6.0,25.0,2.581988897471611,27.0,22.0,27.0,6.0,0.0,6.0,6.0,6.0,0.5555555555555556,0.05737753105492469,0.6,0.4888888888888889,0.6,0.5,0.0,0.5,0.5,0.5,25.0,2.581988897471611,27.0,22.0,27.0,6.0,0.0,6.0,6.0,6.0
wing_weight,eql,raw,seed-controlled,10,10,0,0,10,10,10,1,9,0,benchmark_suite_v8,-254.03822586180294,726.8775872612102,-4.643961704485041,-2314.7872814205116,0.5456908975019361,362.84153282591257,703.2747445405598,112.97861423838856,32.053973134400294,2288.524054389419,1.1257821214150805,2.182038334146234,0.3505367839818193,0.09945330567308769,7.100563832355102,339.87218240404997,686.9241268107382,99.9343774711131,25.590293770750947,2241.8985747597562,24.64515372469994,0.2716697645994786,24.675189750999948,24.06777953699975,25.023829192999983,0.007687061200027756,0.0001310042568056399,0.007665898499965351,0.007488416000114739,0.007914023000012094,1.921765300006939,0.03275106420140997,1.9164746249913378,1.8721040000286848,1.9785057500030234,0.15120026620000998,0.0044180647036074225,0.14996908499995243,0.14485922199992274,0.1613922230000071,119.21599533070011,2.9570859746347122,120.14301301550017,110.8002470020001,120.2071589330003,96.0,1.5634719199411433,96.0,94.0,98.0,4.0,0.0,4.0,4.0,4.0,94.0,,94.0,94.0,94.0,4.0,,4.0,4.0,4.0,2.088888888888889,,2.088888888888889,2.088888888888889,2.088888888888889,1.0,0.0,1.0,1.0,1.0,94.0,,94.0,94.0,94.0,4.0,,4.0,4.0,4.0
wing_weight,gplearn,domain_minmax,seed-controlled,10,10,0,0,10,10,10,3,7,0,benchmark_suite_v8,-3.485755109042689,7.215627796036884,0.038656433393016,-21.58399586078717,0.8073026013946889,78.41038052004777,66.63928021031154,46.62057033539509,20.875845560389887,225.99901284531768,0.24328252566713612,0.20676053719774393,0.14464883378977347,0.06477112341101579,0.7012032115981234,54.74795891112414,44.35238702534809,37.35066452616692,17.158862460836286,165.69163855096977,100.35171164409981,61.77146920821452,100.78671818149951,31.14347831699979,216.7138584889999,0.008394768200014368,0.0067292407235927465,0.00618719649992272,0.0014232540006560157,0.02140700099971582,2.098692050003592,1.6823101808981866,1.54679912498068,0.3558135001640039,5.351750249928955,0.0010210470999481914,0.0009693177091232613,0.0007256890000917338,0.00017758499961928464,0.003126554999653308,104.61901460540011,68.73740186440544,121.19973968549994,0.19503424000049563,181.65907396200055,980.2,1060.2848464236183,589.5,1.0,3342.0,25.6,15.685803914509592,23.0,0.0,57.0,133.66666666666666,120.10550917145031,165.0,1.0,235.0,13.333333333333334,12.220201853215574,16.0,0.0,24.0,2.9703703703703703,2.669011314921118,3.6666666666666665,0.022222222222222223,5.222222222222222,0.4428571428571428,0.24397501823713327,0.5,0.0,0.7,181.5,192.7217337683186,136.5,1.0,452.0,14.25,10.21028892833107,17.0,0.0,23.0
wing_weight,operon,domain_minmax,seed-controlled,10,10,0,0,10,10,10,10,0,0,benchmark_suite_v8,0.9929250036248277,0.0032399377511408457,0.9937052656172991,0.9856474127142005,0.9978121917018679,3.9061326098250384,0.9084853132982671,3.772526189258943,2.224389221625047,5.697328326459832,0.012119489799772475,0.0028187416013647887,0.011704951479398495,0.006901573800746131,0.017677001637068722,3.012494461748448,0.6510187878849829,2.9127403963253817,1.7569548256119518,4.196102483835606,3.8003754347999803,0.17373511816177234,3.829512950499975,3.5375855950005644,4.005932524999935,0.00011497809991851682,7.229854747598132e-06,0.00011563649968593381,0.00010230800035060383,0.00012482900001486996,0.028744524979629205,0.001807463686899533,0.028909124921483453,0.02557700008765096,0.03120725000371749,6.49461001103191e-05,2.2694517908633166e-06,6.530749988087337e-05,6.159100030345144e-05,6.92449993948685e-05,2.9747498966000423,1.2441319942317999,3.0275520844998027,1.3326120539995827,5.510357209000176,65.0,11.065461781798554,71.5,46.0,77.0,5.0,1.3333333333333333,4.5,4.0,8.0,61.3,11.681419244062578,63.5,44.0,72.0,4.3,1.7029386365926402,3.5,3.0,8.0,1.3622222222222222,0.2595870943125018,1.411111111111111,0.9777777777777777,1.6,0.69,0.031622776601683784,0.7,0.6,0.7,55.2,7.208020224413605,56.0,42.0,65.0,4.3,0.9486832980505138,4.0,3.0,6.0
wing_weight,pysr,domain_minmax,seed-controlled,10,10,0,0,10,10,10,10,0,0,benchmark_suite_v8,0.7711121562898652,0.11638913874110057,0.7900003564284677,0.6113946624243949,0.9310451251125873,22.005827040915573,6.091173556354225,21.79214755387454,12.487877699870307,29.64561949683725,0.06827709732309359,0.018898978390850245,0.06761411769022072,0.03874592122748321,0.09198094867443535,17.468073277143255,5.006688068713346,17.495316932486098,9.748395354435813,23.831952591719695,89.56737564369992,0.32377725528648343,89.51472515149976,89.0155645800005,90.24965437299943,0.003527591399870289,0.0003292606234558627,0.003490023500035022,0.003092183999797271,0.004308433999540284,0.8818978499675723,0.08231515586396568,0.8725058750087555,0.7730459999493178,1.077108499885071,0.011894490800068524,0.002712427346327388,0.011658653000267805,0.00904503499987186,0.016482256000017514,0.48254900849997284,0.40298188736838064,0.3102022670000224,0.23682135199942422,1.4514259669995226,20.7,7.257945837341153,19.5,14.0,37.0,4.3,2.1628170930011112,5.0,2.0,8.0,20.7,7.257945837341153,19.5,14.0,37.0,4.3,2.1628170930011112,5.0,2.0,8.0,0.45999999999999996,0.16128768527424783,0.43333333333333335,0.3111111111111111,0.8222222222222222,0.41,0.08755950357709132,0.4,0.3,0.5,16.7,5.186520991955976,16.0,10.0,28.0,3.5,1.6499158227686108,3.0,2.0,6.0
wing_weight,geneticengine,domain_minmax,seed-controlled,10,10,0,0,10,10,10,10,0,0,benchmark_suite_v8,0.116050707411824,0.26952829621037167,-2.515005334147169e-05,-0.22986844058828337,0.5579666820921155,44.18681280541454,7.1994751656753495,47.556689010946016,31.617945897880745,52.73943563004261,0.1370976565753778,0.022337686543116592,0.1475533129442137,0.09810045154004321,0.16363373085602642,35.473267515226716,5.559995060071292,38.41679071930515,25.512250116056208,41.87958787781444,60.233932618699875,0.02862868009430533,60.22700224300024,60.19798578100017,60.274760728999354,0.0001519707001534698,4.2939818625319716e-05,0.00015825799982849276,7.270900005096337e-05,0.00019824599985440727,0.03799267503836745,0.010734954656329928,0.03956449995712319,0.018177250012740842,0.04956149996360182,2.4431700057903073e-05,7.716825960200181e-07,2.4340999971173005e-05,2.327699985471554e-05,2.5633000404923223e-05,0.34887277699999686,0.22766723389578036,0.30037295149986676,0.15939299199999368,0.9043825139997352,22.6,14.369721252998922,24.0,6.0,45.0,5.5,2.173067468400883,6.0,2.0,8.0,21.3,14.126806669119057,22.5,6.0,45.0,5.2,2.3944379994757297,5.5,2.0,8.0,0.47333333333333333,0.3139290370915346,0.5,0.13333333333333333,1.0,0.13000000000000003,0.11595018087284058,0.1,0.0,0.3,16.7,9.117138927438928,18.0,6.0,28.0,4.8,2.043961295567452,5.0,2.0,8.0
wing_weight,itea,domain_minmax,uncontrolled,10,10,0,0,10,10,10,10,0,0,benchmark_suite_v8,0.5936945461424834,0.02961135379169986,0.6077404445299086,0.5375109525927826,0.6077404445299086,30.295993830802747,1.0779475544825532,29.78467841024675,29.78467841024675,32.34125551302674,0.09399885382355977,0.0033445291535624962,0.09241240434964587,0.09241240434964587,0.10034465171921528,24.296355949821514,1.0337402025405764,23.806009917484715,23.806009917484715,26.257740079168716,4.303830994999908,0.14184755346110198,4.271735471499824,4.1121353059998,4.521776488999421,0.0009130841001478984,0.0001490213591020614,0.000887470499947085,0.0007509960005336325,0.0012772580003002076,0.2282710250369746,0.03725533977551535,0.22186762498677126,0.18774900013340812,0.3193145000750519,4.1889699878083776e-05,3.1576993654269224e-06,4.099550005776109e-05,3.9087999539333396e-05,4.9996000598184764e-05,0.31185783520004406,0.024127873395185295,0.30088351899985355,0.295433876000061,0.35772225100026844,13.0,0.0,13.0,13.0,13.0,5.0,0.0,5.0,5.0,5.0,13.0,0.0,13.0,13.0,13.0,5.0,0.0,5.0,5.0,5.0,0.28888888888888886,0.0,0.28888888888888886,0.28888888888888886,0.28888888888888886,0.2,0.0,0.2,0.2,0.2,9.0,0.0,9.0,9.0,9.0,3.0,0.0,3.0,3.0,3.0
wing_weight,eql,domain_minmax,seed-controlled,10,10,0,0,10,10,10,2,8,0,benchmark_suite_v8,0.9946665181123425,0.006347243512240678,0.9965698844709261,0.9766274979342026,0.9971443134650916,3.193384867754676,1.4392894104061018,2.7851794779225205,2.5413320657065603,7.270407490808865,0.009908059760734571,0.0044656582535016935,0.008641527988147222,0.007884946857844884,0.022557767036228242,2.524827256383019,1.2413696644813468,2.1781418386438007,1.9692082296096796,6.042980236325181,24.578734330900033,0.4847198197031363,24.437341464000383,24.016944390999925,25.650926055999662,0.007619460199975947,0.00017320525221711935,0.007589821499777827,0.007388318000266736,0.007916444000329648,1.9048650499939868,0.04330131305427984,1.8974553749444567,1.847079500066684,1.979111000082412,0.15234464979989754,0.0017959809176334614,0.15191633949962124,0.1494128799995451,0.1545884219999607,110.2871939040001,18.58766660770295,120.18093608050049,63.821385406000445,120.20218004099934,96.9,1.3703203194062976,97.0,94.0,98.0,4.0,0.0,4.0,4.0,4.0,95.5,2.1213203435596424,95.5,94.0,97.0,4.0,0.0,4.0,4.0,4.0,2.1222222222222222,0.047140452079103,2.1222222222222222,2.088888888888889,2.1555555555555554,1.0,0.0,1.0,1.0,1.0,97.0,0.0,97.0,97.0,97.0,4.0,0.0,4.0,4.0,4.0
gas_turbine_nox,gplearn,raw,seed-controlled,10,10,0,0,10,10,10,9,1,0,benchmark_suite_v7;benchmark_suite_v8,-1286.4809383381282,4066.498832557764,-0.5102156960213161,-12859.939498883205,-0.3276302164507199,131.4176504238935,374.2300548158417,12.963085106433695,12.156606156268607,1196.4929123729155,1.6051206784069856,4.570804587730437,0.1583296908228949,0.14847944593239132,14.613832381133395,13.35661784377269,7.02271731470943,10.989476435017576,10.266749104465239,33.243189362641935,35.62865931800001,12.174481041640256,34.12029914499996,20.791549479999958,58.28531039799998,0.0029986444999849484,0.0031356065770049048,0.0014850080000314847,0.0004872239999258454,0.010471887999983664,0.749661124996237,0.7839016442512263,0.3712520000078712,0.12180599998146135,2.617971999995916,0.00033048230014287583,0.00026238579493908105,0.00024443900019832654,9.94160000118427e-05,0.0009686610000017026,20.634261422899975,39.31971685992286,4.326131428000053,0.136419054000271,120.13709319299983,219.0,181.25549800090357,208.0,9.0,587.0,13.0,5.981452814975453,13.5,3.0,23.0,177.44444444444446,134.16231877012925,165.0,9.0,356.0,12.666666666666666,6.18465843842649,14.0,3.0,23.0,,,,,,,,,,,177.44444444444446,134.16231877012925,165.0,9.0,356.0,12.666666666666666,6.18465843842649,14.0,3.0,23.0
gas_turbine_nox,operon,raw,seed-controlled,10,10,0,0,10,10,10,6,4,0,benchmark_suite_v7;benchmark_suite_v8,-1.0547575488694085,1.0566526896148694,-0.6260573432488828,-3.968838036463085,-0.4725907630332733,14.811482557120687,3.2218171472808756,13.453672406956356,12.803090599596283,23.518044247547163,0.1809058132877432,0.03935091906198398,0.1643216699679551,0.15637553557412956,0.2872467968774845,12.156874252473067,0.8097139187189679,11.924821197162629,11.343302679023742,14.117357471710205,4.176028443200027,0.12275535800119512,4.177423037500148,3.955465484999877,4.422849594999889,0.0001031974999762042,5.159273065464618e-06,0.00010198300014963024,9.761499995875056e-05,0.00011283300000286545,0.02579937499405105,0.0012898182663661545,0.02549575003740756,0.02440374998968764,0.02820825000071636,6.98837000243202e-05,1.0612710878577928e-05,6.493000046248198e-05,5.99279999846658e-05,9.172399995804881e-05,51.783627023299914,59.45317380054195,16.401572318500257,0.9564586129999952,120.06343704599976,76.7,9.626929820964614,77.5,59.0,91.0,8.3,1.3374935098492586,8.0,6.0,10.0,71.16666666666667,8.134289561274953,72.5,59.0,83.0,7.833333333333333,1.3291601358251257,8.0,6.0,10.0,,,,,,,,,,,71.16666666666667,8.134289561274953,72.5,59.0,83.0,7.833333333333333,1.3291601358251257,8.0,6.0,10.0
gas_turbine_nox,pysr,raw,seed-controlled,10,10,0,0,10,10,10,10,0,0,benchmark_suite_v7;benchmark_suite_v8,-0.4348666220790148,0.29731610993606133,-0.3812974754172086,-1.0040168277941741,0.006515258282635883,12.578760008540161,1.288721167799391,12.398955667573029,10.516092159566272,14.935661585312243,0.15363558649314998,0.015740298114168005,0.15143947611663078,0.12844238903151517,0.18242252223309285,10.79648880209697,1.3921052884810845,10.458779836500018,8.665752230000002,13.309634752000006,91.44503002290003,2.076132831153606,90.52657537000005,89.07525005099978,95.40497007200003,0.0028027376999261834,0.00021630930106938785,0.002771412000129203,0.0024945349996414734,0.0032645199999024044,0.7006844249815458,0.05407732526734697,0.6928530000323008,0.6236337499103684,0.8161299999756011,0.008851207299989028,0.0025506716275660642,0.008866109000337019,0.005575199999839242,0.012692317000073672,0.153821222499937,0.024202318928651646,0.14711721599996963,0.1346071829993889,0.2182653059999211,8.3,3.400980250849256,8.5,5.0,16.0,2.9,1.1972189997378648,2.0,2.0,5.0,8.3,3.400980250849256,8.5,5.0,16.0,2.9,1.1972189997378648,2.0,2.0,5.0,,,,,,,,,,,8.3,3.400980250849256,8.5,5.0,16.0,2.9,1.1972189997378648,2.0,2.0,5.0
gas_turbine_nox,geneticengine,raw,seed-controlled,10,10,0,0,10,10,10,10,0,0,benchmark_suite_v7;benchmark_suite_v8,-2.2151861830278454,5.400818323720363,-0.5462880869079816,-17.579114975808377,-0.26419805677099006,16.191298884241668,10.313704084127403,13.11894538023272,11.862639755503016,45.4764226314598,0.1977587376241746,0.12597044341460545,0.16023335100560276,0.14488897275695603,0.5554440070286025,11.116922858223566,0.5680063187249499,11.078637314530077,10.250208603558637,12.059056025500674,57.003561537000145,10.267130689323247,60.23428030749977,27.783014082000136,60.35150717299996,0.00015424139993456266,6.175881973103822e-05,0.00015196449999166362,8.935400001064409e-05,0.0003039290004380746,0.03856034998364066,0.015439704932759552,0.037991124997915904,0.02233850000266102,0.07598225010951865,2.7139199863768228e-05,5.734982492822442e-06,2.5205500151059823e-05,2.2839999473944772e-05,3.955500000074608e-05,0.23827911740006585,0.07305206744126096,0.23128303100020275,0.15778665999982877,0.38559791499938,26.9,9.048634028281715,24.0,16.0,46.0,5.9,1.1972189997378646,6.0,4.0,8.0,25.8,9.366607354497857,24.0,16.0,46.0,5.8,1.3165611772087666,6.0,4.0,8.0,,,,,,,,,,,25.8,9.366607354497857,24.0,16.0,46.0,5.8,1.3165611772087666,6.0,4.0,8.0
gas_turbine_nox,itea,raw,uncontrolled,10,10,0,0,10,10,10,10,0,0,benchmark_suite_v7;benchmark_suite_v8,-0.6144237258575066,0.11385196727629589,-0.6972383920463916,-0.6972383920463916,-0.38851691932219357,13.397753487881776,0.4798656829901558,13.74501462497532,12.432239580221637,13.74501462497532,0.16363868246185326,0.005861026491806374,0.16788009166494028,0.15184600215235164,0.16788009166494028,12.088180725810986,0.5037976782002506,12.45983547446026,11.131574447213458,12.45983547446026,14.264270377899976,0.5576085238111046,14.127071190999686,13.45230121900022,15.512076882999963,0.0009130452999556837,0.00013855050163755735,0.0008731930001886212,0.0007193230001121265,0.0011849029999666527,0.22826132498892093,0.03463762540938933,0.2182982500471553,0.17983075002803162,0.2962257499916632,7.337219990404265e-05,4.939052791766978e-05,5.846449994351133e-05,3.9274999835470226e-05,0.0001995000000079017,0.31149355349989494,0.012522440900170009,0.31671607699991,0.2856539200001862,0.3263270190000185,34.3,4.9899899799498595,31.0,31.0,46.0,5.7,0.48304589153964794,6.0,5.0,6.0,34.3,4.9899899799498595,31.0,31.0,46.0,5.7,0.48304589153964794,6.0,5.0,6.0,,,,,,,,,,,34.3,4.9899899799498595,31.0,31.0,46.0,5.7,0.48304589153964794,6.0,5.0,6.0
gas_turbine_nox,eql,raw,seed-controlled,10,10,0,0,10,10,10,6,4,0,benchmark_suite_v7;benchmark_suite_v8,-193.92166358085316,542.2879224582314,-25.259208771080406,-1736.6940224279244,-3.7411650100159424,87.18197000586716,125.1519213295513,53.97394187885392,22.972926233386307,439.80527739400384,1.0648309598391081,1.528591754764043,0.6592317692900546,0.28058878561431355,5.371733119109899,85.20032601056656,124.74370202089064,50.49462290398236,19.643108343324908,436.485926538088,24.859250906599744,0.6159205832378899,24.614536654499716,24.266100087999803,25.967838487999984,0.007651225700067243,0.00020816801385501976,0.007575108000310138,0.007420423000439769,0.008098330999928294,1.9128064250168109,0.05204200346375494,1.8937770000775345,1.8551057501099422,2.0245827499820734,0.13932573339992588,0.007845656013843018,0.13760601249987303,0.13143689699973038,0.15890128099999856,83.66345637490008,41.415223075824514,89.38933806249997,3.432765837000261,120.05955796900002,83.9,4.254409477236529,86.0,76.0,88.0,4.0,0.0,4.0,4.0,4.0,81.83333333333333,4.355073669487885,83.5,76.0,86.0,4.0,0.0,4.0,4.0,4.0,,,,,,,,,,,81.83333333333333,4.355073669487885,83.5,76.0,86.0,4.0,0.0,4.0,4.0,4.0
gas_turbine_nox,gplearn,domain_minmax,seed-controlled,10,10,0,0,10,10,10,3,7,0,benchmark_suite_v7,-3.3982901299611576,5.600388010210118,-0.9342013770362761,-17.57381611121214,-0.21386068869883412,19.40611961998406,11.204725294895685,14.673026786899744,11.62406972057361,45.469937107516884,0.23702420328778434,0.13685327814563458,0.1792147297908951,0.14197510468004018,0.5553647935549367,12.891593476806843,4.1160729642642595,12.003023218233526,10.106536360443807,24.18488132454466,41.168955920899954,18.380512465903276,34.62700750550039,26.100610692999908,81.117665838,0.002453382700059592,0.0014665352075202706,0.0018710204999479174,0.001147005999882822,0.005451267000353255,0.613345675014898,0.36663380188006767,0.46775512498697935,0.2867514999707055,1.3628167500883137,0.0002950571997644147,0.00021666264011079473,0.00021624300006806152,0.00015349899967986858,0.0008291949998238124,69.31649497169983,43.97762743727422,73.81510142200023,0.7730832180004654,120.75425274999907,416.1,398.85097467600605,308.0,101.0,1343.0,21.3,6.929005059249929,20.0,13.0,34.0,182.0,136.84662947986698,105.0,101.0,340.0,16.0,7.54983443527075,17.0,8.0,23.0,,,,,,,,,,,125.57142857142857,57.821152827366866,133.0,63.0,190.0,17.714285714285715,5.4072262055600415,16.0,11.0,27.0
gas_turbine_nox,operon,domain_minmax,seed-controlled,10,10,0,0,10,10,10,6,4,0,benchmark_suite_v7,-1.7887089709635187,3.6233106594569877,-0.6308991547271448,-12.096470846725538,-0.5353471043717182,15.984783519617437,7.810780073136927,13.473679186340833,13.073054444681048,38.18131862013905,0.19523638175266186,0.09540000577884222,0.16456603056331476,0.1596728441835143,0.4663424117563458,11.997622659038544,0.6262460413688993,11.774404592292786,11.307988864265441,12.940441652114867,3.8853090737000455,0.23542080440360447,3.911329488999854,3.4578296409999894,4.203658366000127,0.00011037939993912005,8.637775311084174e-06,0.00011276000032012234,9.764999958861154e-05,0.00012517799950728659,0.027594849984780012,0.0021594438277710436,0.028190000080030586,0.024412499897152884,0.031294499876821646,6.433480011764914e-05,1.961659600406344e-06,6.450399996538181e-05,6.064100034564035e-05,6.688200119242538e-05,36.210458590899904,38.84133239040534,18.310859386499942,2.3657005909990403,120.08175235700037,90.1,12.323870243465638,87.5,75.0,111.0,7.5,0.97182531580755,8.0,6.0,9.0,84.0,7.64198926981712,85.0,75.0,95.0,7.666666666666667,1.0327955589886444,8.0,6.0,9.0,,,,,,,,,,,62.111111111111114,7.975657409336932,63.0,49.0,73.0,6.333333333333333,1.8708286933869707,6.0,3.0,8.0
gas_turbine_nox,pysr,domain_minmax,seed-controlled,10,10,0,0,10,10,10,6,4,0,benchmark_suite_v7,-0.47631574741160787,0.1734334103724711,-0.45423859758624996,-0.7377099520121486,-0.137443879930083,12.798826528566845,0.7628959308525658,12.722583007544825,11.252234434582379,13.907927782393608,0.15632345468117897,0.009317926702647552,0.15539222473000985,0.1374335495344356,0.16986989498978441,11.224405327776495,0.8265994850154941,11.101345331221765,10.001211032888532,12.682472421714184,90.60271427089984,0.5288910567097734,90.6578139485,89.36445884600016,91.49735115399926,0.0029318048002096473,0.0003797397208205608,0.002788285499718768,0.002611214000353357,0.003675673000543611,0.7329512000524119,0.09493493020514021,0.697071374929692,0.6528035000883392,0.9189182501359028,0.010619398700055172,0.0014926134786517917,0.010450491999563383,0.008774359001108678,0.013063043000329344,24.905567772500035,31.941351038402356,0.32817339850043936,0.14912141099921428,67.09093609699994,12.5,7.947746011710909,13.0,5.0,26.0,4.0,2.0,4.5,2.0,8.0,7.5,3.8858718455450894,5.0,5.0,13.0,2.5,1.224744871391589,2.0,2.0,5.0,,,,,,,,,,,8.6,5.015531433014408,6.0,5.0,18.0,3.0,1.3333333333333333,2.5,2.0,6.0
gas_turbine_nox,geneticengine,domain_minmax,seed-controlled,10,10,0,0,10,10,10,10,0,0,benchmark_suite_v7;benchmark_suite_v10,-1.5062467151536416,2.1718633143120885,-0.7388406109865058,-7.5444272495975735,-0.2184483629154974,15.855186569720194,5.536944330662604,13.912373096226153,11.64601505330432,30.840063310789365,0.19365349890954628,0.06762762697147573,0.16992418956232935,0.14224314255202286,0.376677129623438,12.018745325505211,1.163202905858014,12.049513006679282,9.672458347837415,14.428571580620098,60.2282367927002,0.018797974617629002,60.22647152350055,60.19636560999993,60.2636577760004,0.0001524198000652177,5.702147273058505e-05,0.00016186300035769818,8.577000016884995e-05,0.00024560599922551773,0.03810495001630443,0.014255368182646264,0.040465750089424546,0.021442500042212487,0.061401499806379434,2.598929991108889e-05,4.345040938608332e-06,2.44664997808286e-05,2.3827999939385336e-05,3.815600007328612e-05,0.46353350010012945,0.2677921681822831,0.39881848850018287,0.17872646500109113,0.9627692410012969,30.9,18.911783510699237,24.5,8.0,60.0,6.4,1.6465452046971292,7.0,4.0,9.0,29.8,18.26836975029062,23.0,8.0,60.0,6.5,1.8408935028645435,7.0,4.0,10.0,,,,,,,,,,,20.3,9.165757530674217,20.0,8.0,38.0,5.5,1.5811388300841898,5.5,3.0,8.0
gas_turbine_nox,itea,domain_minmax,uncontrolled,10,10,0,0,10,10,10,6,4,0,benchmark_suite_v7,-0.47853223953769897,0.010966788880302503,-0.4752918463649607,-0.5034531363941306,-0.4686605921271816,12.82881397272873,0.047458565476270226,12.814827183851794,12.785994216219903,12.936557716020332,0.15668971801461673,0.0005796536809765027,0.15651888491892169,0.1561667222344078,0.15800568820407374,11.41988101735198,0.053408004111142514,11.391143427236882,11.39114342723688,11.534422452395956,4.556304795700089,0.13461690162666337,4.5378944930002945,4.2728745530002925,4.741859057000511,0.0009742454999468464,9.3868059834351e-05,0.0010050450000562705,0.000787162999586144,0.0011191360008524498,0.2435613749867116,0.023467014958587752,0.2512612500140676,0.196790749896536,0.27978400021311245,4.7095799982344036e-05,1.1932644105100502e-05,4.354599968792172e-05,3.8703999962308444e-05,7.245400047395378e-05,25.80959767690001,32.0060197652889,1.1235186064996014,0.924373748999642,64.31896290700024,36.2,1.0327955589886444,37.0,35.0,37.0,6.0,0.0,6.0,6.0,6.0,37.0,0.0,37.0,37.0,37.0,6.0,0.0,6.0,6.0,6.0,,,,,,,,,,,14.4,0.5163977794943222,14.0,14.0,15.0,4.0,0.0,4.0,4.0,4.0
gas_turbine_nox,eql,domain_minmax,seed-controlled,10,10,0,0,10,10,10,7,3,0,benchmark_suite_v7,-0.7062927580961554,0.4633987225752761,-0.5713298491855104,-1.6156842823939441,0.015970297289091384,13.667514610155616,1.865578243377379,13.224958686349042,10.465931467641704,17.063434279648057,0.16693351503719883,0.02278596677061557,0.1615281858263801,0.12782973187631855,0.20841090309070104,11.451114165844935,1.7065130684872063,11.413314589844695,8.151531038736104,13.99326742522885,24.64586492899989,0.3447094490307848,24.560707638000167,24.185268842999903,25.09332964799978,0.0075757981001515875,7.275962577926564e-05,0.007552698000381497,0.007465131000572001,0.007683343999815406,1.8939495250378968,0.01818990644481641,1.8881745000953742,1.8662827501430002,1.9208359999538516,0.13767844069980129,0.0015934316565384306,0.13781424599983438,0.13487532299950544,0.1400659959999757,75.40319215960025,30.894319878464042,73.45066372550082,21.47264305399949,120.09997309500068,88.5,0.5270462766947299,88.5,88.0,89.0,4.0,0.0,4.0,4.0,4.0,88.71428571428571,0.48795003647426655,89.0,88.0,89.0,4.0,0.0,4.0,4.0,4.0,,,,,,,,,,,88.42857142857143,0.5345224838248488,88.0,88.0,89.0,4.0,0.0,4.0,4.0,4.0
concrete_strength,gplearn,raw,seed-controlled,10,10,0,0,10,10,10,8,2,0,benchmark_suite_v8,0.6220375821405889,0.1864372299296348,0.6892986582044426,0.13677384290004357,0.7789609910603666,9.642908517523855,2.1170821969595117,8.93047310765347,7.532509870221311,14.885641072004534,0.12577159928947249,0.027612915050991414,0.11647936751863139,0.09824585718300914,0.19415209432639277,7.409526468980632,1.7179800270463927,6.9041297143990334,5.6353396014795205,11.640041015837793,37.21333295869999,15.981662733421535,34.68839949499943,20.33635784099988,74.66449070800081,0.0012659836002058,0.0008200345584455063,0.0009672904998296872,0.000537622000592819,0.0031122170003072824,2.1384858111584455,1.3851935108876794,1.6339366551177148,0.9081452712716537,5.2571233113298685,0.000336166200304433,0.0002988360060773037,0.00022666850009045447,0.00011476899999252055,0.0011193880000064382,44.04891849840023,49.63869214336055,22.89691740300077,0.16195736500048952,120.1979612060004,251.4,294.4038043232458,182.5,27.0,1037.0,17.5,11.167910378500636,15.5,7.0,46.0,270.0,328.79433432727257,182.5,16.0,1035.0,14.5,5.9281411203561225,15.5,3.0,23.0,,,,,,,,,,,270.0,328.79433432727257,182.5,16.0,1035.0,14.5,5.9281411203561225,15.5,3.0,23.0
concrete_strength,operon,raw,seed-controlled,10,10,0,0,10,10,10,9,1,0,benchmark_suite_v8,0.7992137968877302,0.014988176469246472,0.8028529904686514,0.7647008922822198,0.8135084883440266,7.174807148320559,0.2627548858081159,7.1136288789891795,6.918863803837761,7.771688536952875,0.09358037235320933,0.003427088637121636,0.09278242962031015,0.09024212604457754,0.10136544328880755,5.306405805851963,0.21051465028921423,5.262057749838442,5.068078568175032,5.780229446952408,3.9924507786001415,0.2985261826646547,4.0715406070003155,3.1926472399991326,4.212513878999744,7.369920022028963e-05,3.2609010119673438e-06,7.527750040026149e-05,6.850300087535288e-05,7.723099952272605e-05,0.12449189226400277,0.005508278736431328,0.12715793986530657,0.11571452850566365,0.1304577694640643,6.533849964398541e-05,3.107179344130043e-06,6.61825006318395e-05,6.155299888632726e-05,7.031000041024527e-05,20.219287812600122,36.615751492433255,4.211455177999596,0.46916136000072584,120.0544530900006,71.7,11.06596383310354,75.5,44.0,82.0,7.3,1.0593499054713802,7.0,5.0,9.0,70.55555555555556,11.09178875464989,75.0,44.0,80.0,7.333333333333333,1.118033988749895,7.0,5.0,9.0,,,,,,,,,,,70.55555555555556,11.09178875464989,75.0,44.0,80.0,7.333333333333333,1.118033988749895,7.0,5.0,9.0
concrete_strength,pysr,raw,seed-controlled,10,10,0,0,10,10,10,10,0,0,benchmark_suite_v8,0.4708439170327896,0.14706408921318773,0.4855506419158749,0.18298112150270673,0.6207824382042473,11.558805455777785,1.5718263716018146,11.491450306346282,9.866189844399235,14.48175823603865,0.15076047288088934,0.020501191751686635,0.14988196564948847,0.1286838378035638,0.1888842863706619,9.157092660984468,1.3902830888954059,9.030003094112384,7.744802058848422,11.749421537222446,89.79092365349962,0.39831922118824276,89.94963719649968,88.82751522099898,90.07859940199887,0.002781104400037293,0.0001376638974399965,0.002780334500130266,0.002488127000106033,0.003057075000469922,4.697811486549481,0.2325403672972914,4.696510979949774,4.20291722990884,5.163978041334328,0.009396413599824882,0.001208600829178692,0.009268483000141714,0.00778700699993351,0.011244521001572139,0.14950693719947594,0.016676775060208537,0.15223550149949006,0.12094801399871358,0.1847370809991844,9.4,3.134042472944843,9.5,5.0,17.0,3.5,0.8498365855987975,3.5,2.0,5.0,9.2,2.6161889160464775,9.5,5.0,15.0,3.5,0.8498365855987975,3.5,2.0,5.0,,,,,,,,,,,9.2,2.6161889160464775,9.5,5.0,15.0,3.5,0.8498365855987975,3.5,2.0,5.0
concrete_strength,geneticengine,raw,seed-controlled,10,10,0,0,10,10,10,10,0,0,benchmark_suite_v8,0.6492415454701609,0.0408484164196781,0.6510926064503906,0.5918701193195408,0.7070300848886568,9.474267123896453,0.5525398852662765,9.462233258136694,8.67194989035759,10.235391129226523,0.12357202457149408,0.007206728645705964,0.1234150679292643,0.11310747215804864,0.13349929736828645,7.4713430781396415,0.4294071197895778,7.5780086105811675,6.962931751184257,7.995559512708214,60.23632442110011,0.020666817398570167,60.23451745249986,60.21295016899967,60.27589917599835,0.00011265680004726164,2.846452271955615e-05,0.00010327250038244529,7.774299956508912e-05,0.000157876000230317,0.1902986487284825,0.04808196405330431,0.17444679118656298,0.13132263440048839,0.2666824328214814,2.417820014670724e-05,8.424264892130273e-07,2.4045500595093472e-05,2.3364998924080282e-05,2.6086001525982283e-05,0.25499714899997344,0.09907092119231016,0.2196397830002752,0.15398854300110543,0.43585541900029057,29.2,9.704523572941527,29.0,17.0,42.0,5.4,1.1737877907772671,5.5,4.0,7.0,28.7,9.84377976185977,26.5,17.0,42.0,5.5,1.2692955176439846,5.5,4.0,7.0,,,,,,,,,,,28.7,9.84377976185977,26.5,17.0,42.0,5.5,1.2692955176439846,5.5,4.0,7.0
concrete_strength,itea,raw,uncontrolled,10,10,0,0,10,10,10,10,0,0,benchmark_suite_v8,0.7357210786400866,0.0016735065797003777,0.7370173712626762,0.7337766397062022,0.7370173712626764,8.236345441085954,0.02606197561088822,8.216157921583907,8.216157921583903,8.266626720339023,0.10742592201755514,0.0003399240330101487,0.10716261799379036,0.10716261799379032,0.10782087805320233,6.144327881984035,0.0076734613159042606,6.138384044407183,6.138384044407181,6.1532436383493145,10.631518588899961,0.7137169534215642,10.685776732499107,9.651518573999056,11.451358615000572,0.0008402763004596636,0.00010291159868766721,0.0008022560004974366,0.0007235860011860495,0.001065141999788466,1.4193856426683504,0.1738371599453838,1.3551621630024266,1.2222736506521108,1.7992263509940303,5.291009993015905e-05,1.9839294464257358e-05,4.595500013238052e-05,3.7181000152486376e-05,9.284800034947693e-05,0.21140086069990502,0.01026093619100731,0.20465645500007668,0.20203860599940526,0.22654145199885534,24.8,6.613118276073196,24.0,18.0,32.0,5.0,0.0,5.0,5.0,5.0,24.8,6.613118276073196,24.0,18.0,32.0,5.0,0.0,5.0,5.0,5.0,,,,,,,,,,,24.8,6.613118276073196,24.0,18.0,32.0,5.0,0.0,5.0,5.0,5.0
concrete_strength,eql,raw,seed-controlled,10,10,0,0,10,10,10,8,2,0,benchmark_suite_v8,-4.480851636192086,7.789204649103558,-1.5141746559871525,-24.8207875018911,0.542991851379679,30.87723371303165,22.447005418881353,25.323869688722212,10.830966659374266,81.41229336074059,0.4027290167344679,0.2927742978855009,0.3302969830275494,0.14126733610765965,1.061853311083091,25.41821072613219,22.000077938065363,19.470346015535128,8.145898553516332,78.62438806870173,24.3995477415001,0.3342650174899694,24.405452667499958,23.79520880400014,24.837204814999495,0.0074599629002477744,0.00010280539699537493,0.007461202500053332,0.0072863830009737285,0.007606434999615885,12.601288682850969,0.17365776519489012,12.603382601441439,12.308079393536703,12.848707769621427,0.11964890940007536,0.006583891934001996,0.12180751549931301,0.10303396999916004,0.12582794599984481,39.95578968259997,44.25564911192273,26.226752142501027,0.20601538799928676,120.04825115599851,69.4,16.99803910259455,75.5,23.0,79.0,3.8,0.6324555320336759,4.0,2.0,4.0,66.75,18.320558319627086,73.5,23.0,79.0,3.75,0.7071067811865476,4.0,2.0,4.0,,,,,,,,,,,66.75,18.320558319627086,73.5,23.0,79.0,3.75,0.7071067811865476,4.0,2.0,4.0
concrete_strength,gplearn,domain_minmax,seed-controlled,10,10,0,0,10,10,10,1,9,0,benchmark_suite_v8,0.5867309768676374,0.1887740520479936,0.6939489253985425,0.14474647266679053,0.7177601383902994,10.099215900001827,2.1313117869378813,8.863431958798891,8.511663038109262,14.81674081953168,0.13172317594889563,0.027798510329175442,0.11560495576886516,0.11101686498120858,0.19325343445326307,7.626266812173244,1.6618988025075938,6.841260720254115,6.341890773365681,11.385937564710343,57.45335302919993,19.21379044421661,67.09488327349936,23.231475177000902,75.40170796800157,0.0016308142003254034,0.0005631403783575453,0.0017405170001438819,0.0006232039995666128,0.0023304160004045116,2.754753716765884,0.9512506391174754,2.9400625002430436,1.0527094587273864,3.93651351419681,0.00039814760002627737,0.0001790675167015633,0.0003887489992848714,0.0001074659994628746,0.0006695330012007616,86.13815799879994,38.120942684435576,85.61056596800063,0.20330775399997947,120.90487252499952,618.2,359.83724716105263,569.5,12.0,1137.0,23.7,11.916841490559111,21.0,6.0,50.0,12.0,,12.0,12.0,12.0,6.0,,6.0,6.0,6.0,,,,,,,,,,,278.57142857142856,174.71200792814932,284.0,8.0,535.0,19.285714285714285,9.690446940402795,20.0,4.0,34.0
concrete_strength,operon,domain_minmax,seed-controlled,10,10,0,0,10,10,10,8,2,0,benchmark_suite_v8,0.8142692540863775,0.010896031364545434,0.8189568943958074,0.798481386377272,0.8286978829002364,6.90208728883506,0.2016204922616101,6.817042698977577,6.631115802351996,7.192217798078702,0.09002331144952472,0.002629718172187431,0.08891408241786328,0.08648905441961648,0.09380745791155214,5.320102316830609,0.16444100579107906,5.283758971884444,5.152538600612331,5.578561591328802,3.71894592450044,0.2580433922746433,3.777021448000596,3.2140079750006407,4.060447780000686,7.605770006193779e-05,1.1257197726025009e-05,7.06370001353207e-05,6.942899926798418e-05,0.00010441799895488657,0.12847584469921924,0.019015536699366564,0.11931925698533903,0.117278714979703,0.17638175499136244,6.19237995124422e-05,2.527098072798946e-06,6.196349931997247e-05,5.802200030302629e-05,6.491800013463944e-05,18.371809956799915,26.75142367405069,4.378457680499196,0.3959200530007365,67.66322466599922,66.1,20.327594818647658,72.0,28.0,89.0,6.9,1.1005049346146119,7.0,5.0,9.0,57.25,20.033899841447315,64.0,25.0,84.0,5.5,0.9258200997725514,6.0,4.0,6.0,,,,,,,,,,,46.1,13.674388062684518,50.5,23.0,59.0,4.8,1.3165611772087666,5.0,3.0,7.0
concrete_strength,pysr,domain_minmax,seed-controlled,10,10,0,0,10,10,10,10,0,0,benchmark_suite_v8,0.27893200475125407,0.11860336181661482,0.22013191184805397,0.19404853193907734,0.5429031475376425,13.557234345207224,1.1986097139094185,14.148676455717258,10.832017736629147,14.383338205056493,0.17682580338081674,0.0156333600353387,0.18453993029499488,0.14128104521493606,0.1876006026484478,11.035623979083965,1.0226874087448503,11.567938055373359,8.740204371022314,11.63266389797666,89.74429504119999,0.7132887337220297,89.96137352149981,88.23590820999925,90.45102065399988,0.0028423511002984014,0.0002778534228671213,0.002729856500081951,0.002656737000506837,0.003533803999744123,4.801268750504056,0.4693469980863535,4.611244087976268,4.487731419775062,5.969263513081288,0.010650193099900207,0.0015796095231900488,0.010984866999933729,0.007441939998898306,0.012604224999449798,0.2622935713998231,0.22420475115883104,0.15191037249951478,0.14363649699953385,0.8095380890008528,9.4,6.686636756330578,6.0,5.0,25.0,3.4,1.5055453054181622,3.0,2.0,6.0,9.4,6.686636756330578,6.0,5.0,25.0,3.4,1.5055453054181622,3.0,2.0,6.0,,,,,,,,,,,8.0,5.0990195135927845,6.0,5.0,21.0,2.8,0.9189365834726815,3.0,2.0,5.0
concrete_strength,geneticengine,domain_minmax,seed-controlled,10,10,0,0,10,10,10,10,0,0,benchmark_suite_v8,-25239911617.671677,79815608653.7582,0.1518516107440761,-252399116178.34106,0.47879908344588895,804926.4137570282,2545355.119966973,14.752360773692509,11.566656343366883,8049134.08351625,10498.583719277787,33198.840745623755,0.19241373123376168,0.15086287131038062,104984.14090930286,33093.24926047247,104613.53981921909,11.559927225426595,9.49817021969329,330828.60317859455,60.24722189469994,0.03319522840987735,60.22859197799971,60.21418979900045,60.301941740000984,0.00011921959994651843,3.959074444984974e-05,0.00010560000009718351,8.218400034820661e-05,0.0001899740000226302,0.20138445936911892,0.06687625751663807,0.1783783785425397,0.13882432491251118,0.3209020270652537,2.401530000497587e-05,8.259335852887245e-07,2.3808499463484623e-05,2.3025000700727105e-05,2.537500040489249e-05,0.5983899516000747,0.4520204186096184,0.4890936944993882,0.2094470400006685,1.6908456269993621,34.0,11.508451001088046,31.5,16.0,55.0,7.4,1.1737877907772674,8.0,5.0,9.0,34.0,11.508451001088046,31.5,16.0,55.0,7.4,1.1737877907772674,8.0,5.0,9.0,,,,,,,,,,,24.2,7.656515018088989,24.5,12.0,36.0,6.3,1.2516655570345725,6.0,4.0,8.0
concrete_strength,itea,domain_minmax,uncontrolled,10,10,0,0,10,10,10,10,0,0,benchmark_suite_v8,0.47576060529493436,0.0,0.47576060529493436,0.47576060529493436,0.47576060529493436,11.600322784099971,0.0,11.600322784099971,11.600322784099971,11.600322784099971,0.15130197970653408,2.925694557147251e-17,0.1513019797065341,0.1513019797065341,0.1513019797065341,9.050634916483675,0.0,9.050634916483675,9.050634916483675,9.050634916483675,4.490398635400561,0.17282980833066963,4.456619943000987,4.271102561000589,4.831864808000319,0.00088521750021755,0.00013187044485031354,0.0008334189997185604,0.0007392610004899325,0.0010877950007852633,1.495299831448564,0.22275412981471882,1.4078023643894602,1.2487516900167779,1.8374915553805122,5.321190001268405e-05,1.4076202340194228e-05,5.2635499741882086e-05,3.686499985633418e-05,7.59980011935113e-05,6.977574909499526,0.05392334387352202,6.965735942999345,6.905359603999386,7.072992806999537,32.0,0.0,32.0,32.0,32.0,6.0,0.0,6.0,6.0,6.0,30.0,0.0,30.0,30.0,30.0,6.0,0.0,6.0,6.0,6.0,,,,,,,,,,,13.0,0.0,13.0,13.0,13.0,4.0,0.0,4.0,4.0,4.0
concrete_strength,eql,domain_minmax,seed-controlled,10,10,0,0,10,10,10,6,4,0,benchmark_suite_v8,0.6853099319079803,0.09103877223037436,0.7318842614793608,0.4805045448992358,0.7460318406667741,8.915474929736963,1.1983264118938086,8.295930525013445,8.074114107048828,11.547716766033483,0.11628374761623794,0.01562966495231262,0.10820308497474168,0.105309953137457,0.15061584408547649,6.8691820995473805,1.1998472442401535,6.2105355098125,6.0999932510005035,9.437434493561378,24.5373713271003,0.3583036039132204,24.584007290500267,24.135888204000366,25.30030807299954,0.007490697899811494,8.608824086674123e-05,0.00750023299951863,0.0073723709992918884,0.007594603999677929,12.653205911843738,0.1454193257884145,12.669312499186876,12.453329390695757,12.828722972428935,0.12303734260021884,0.0022408342254036655,0.12341172800006461,0.11941399200077285,0.12622533799913072,68.71297214459992,34.237027225186154,69.41604780850048,19.3639679049993,120.09462538800108,78.3,1.636391694484477,79.0,76.0,80.0,4.0,0.0,4.0,4.0,4.0,78.5,1.6431676725154984,79.0,76.0,80.0,4.0,0.0,4.0,4.0,4.0,,,,,,,,,,,79.16666666666667,1.1690451944500122,79.5,77.0,80.0,4.0,0.0,4.0,4.0,4.0
energy_efficiency_heating,gplearn,raw,seed-controlled,10,10,0,0,10,10,10,8,2,0,benchmark_suite_v9,0.9187842929449765,0.0664651376885962,0.9422125528655181,0.7679033478364229,0.98052152876329,2.628398864232497,1.0894531938890946,2.379639732479458,1.383149088911021,4.7744791251000995,0.07161849766301082,0.029685373130493044,0.06484031968608878,0.03768798607386978,0.13009479904904903,1.7382196172694777,0.8550712365204574,1.4235092852239601,0.9078475248862212,3.708984569280648,32.80083205170049,5.883290211929014,32.82462277350169,20.128160618001857,41.80659855200065,0.0009405292996234494,0.000218480962891816,0.0009570099991833558,0.0005339829986041877,0.00125001699780114,2.555786140281113,0.5936982687277609,2.600570649954771,1.451040757076597,3.3967853201117935,0.0002569118016253924,0.00011225515138471257,0.00022701750276610255,0.00010234200090053491,0.0004532329985522665,46.622113867299774,50.90499585927103,14.308165094000287,0.19529500899807317,120.1143158729974,182.5,99.37610935788899,182.0,11.0,331.0,17.7,7.94494947889678,18.0,5.0,34.0,160.125,91.94786954729138,172.5,9.0,279.0,17.875,8.9831190892378,18.5,5.0,34.0,,,,,,,,,,,160.125,91.94786954729138,172.5,9.0,279.0,17.875,8.9831190892378,18.5,5.0,34.0
energy_efficiency_heating,operon,raw,seed-controlled,10,10,0,0,10,10,10,4,6,0,benchmark_suite_v9,0.9472411230477918,0.029816349812100088,0.926328591288077,0.9202658719148153,0.9871915946781349,2.168599440244993,0.7294996853694228,2.6899299166084005,1.1216028185803892,2.7984250875187193,0.05908990300395075,0.01987737562314503,0.07329509309559673,0.030561384702462918,0.0762513647825264,1.5566636607646944,0.447300605035472,1.861871901906055,0.8408674433438676,1.9228015107693879,4.026804262799123,0.08649450296331021,4.0066706579982565,3.9420826120003767,4.198365460000787,7.113640094758011e-05,4.69911012147547e-06,6.901500091771595e-05,6.64530016365461e-05,7.849000030546449e-05,0.19330543735755465,0.0127693209822703,0.18754076336335856,0.18057880879496224,0.21328804430832743,6.776989976060576e-05,1.5258298111499382e-05,6.248099998629186e-05,6.066200148779899e-05,0.00011052999980165623,77.06643759570034,55.77447634586769,120.04929073850144,2.015314670999942,120.05564369799686,65.3,12.311241475442948,68.0,43.0,85.0,6.4,0.9660917830792959,7.0,4.0,7.0,53.25,13.524668819112232,51.5,41.0,69.0,5.75,1.2583057392117916,6.0,4.0,7.0,,,,,,,,,,,53.25,13.524668819112232,51.5,41.0,69.0,5.75,1.2583057392117916,6.0,4.0,7.0
energy_efficiency_heating,pysr,raw,seed-controlled,10,10,0,0,10,10,10,10,0,0,benchmark_suite_v9,0.8752972433952051,0.021762837730167055,0.8756820951254837,0.8449531014493988,0.9043634447675307,3.4874430108684984,0.30835039987085433,3.494269248692198,3.0648097682590327,3.9023220013499853,0.09502569511903262,0.008401918252611832,0.09521169614965116,0.0835098029498374,0.10633029976430476,2.599612811347673,0.2925567746506635,2.6553140605136663,2.088950151584854,2.9906393898086203,89.91200135319995,1.2359363358335829,89.7939950025011,88.47817815500093,93.1406586560006,0.0031264565004676115,0.0002632949550639594,0.003072983998208656,0.0027341989989508875,0.003659886999230366,8.495805707792421,0.7154754213694549,8.350499995132218,7.429888584105672,9.945345106604256,0.009965122099674772,0.0017708631957470448,0.00947313999859034,0.007533975996921072,0.013040900998021243,0.26277881109999723,0.1333167065278133,0.20954623500074376,0.1441714230022626,0.5054436799982795,16.1,5.952590472502987,14.0,10.0,27.0,4.9,1.449137674618944,5.0,3.0,7.0,16.1,5.952590472502987,14.0,10.0,27.0,4.9,1.449137674618944,5.0,3.0,7.0,,,,,,,,,,,16.1,5.952590472502987,14.0,10.0,27.0,4.9,1.449137674618944,5.0,3.0,7.0
energy_efficiency_heating,geneticengine,raw,seed-controlled,10,10,0,0,10,10,10,10,0,0,benchmark_suite_v9,0.82326949545812,0.038870640475793805,0.8206526954895046,0.764671454093883,0.881347903566762,4.143091844976099,0.46258731520955193,4.192506345017052,3.413730786737901,4.807605977421993,0.11289078596665118,0.012604558997535474,0.11423723010945645,0.09301718764953408,0.1309974380768935,3.2667636302483514,0.3532117816789249,3.323085245055074,2.5641427889871586,3.6677851594583273,60.25247619549991,0.0342627176463547,60.24464118600008,60.20218046700029,60.31777524000063,9.547060071781743e-05,3.305162476382469e-05,0.0001029170016408898,5.282300116959959e-05,0.00014039899906492792,0.2594309802114604,0.08981419772778451,0.27966576532850485,0.14354076404782498,0.3815190191981737,2.437549992464483e-05,8.020076746176433e-07,2.429100095469039e-05,2.303099972778e-05,2.575899998191744e-05,0.2401334570007748,0.11854354643842901,0.19239650150120724,0.14072740199844702,0.515268991002813,21.5,9.44281031614353,16.0,12.0,36.0,5.7,1.2516655570345725,5.0,4.0,8.0,20.4,9.39503414930817,15.5,12.0,36.0,5.5,0.97182531580755,5.0,4.0,7.0,,,,,,,,,,,20.4,9.39503414930817,15.5,12.0,36.0,5.5,0.97182531580755,5.0,4.0,7.0
energy_efficiency_heating,itea,raw,uncontrolled,10,10,0,0,10,10,10,10,0,0,benchmark_suite_v9,0.927888775726751,1.1702778228589004e-16,0.9278887757267509,0.9278887757267509,0.9278887757267509,2.6612948605289177,4.681111291435602e-16,2.6612948605289173,2.6612948605289173,2.6612948605289173,0.07251484633593779,1.4628472785736255e-17,0.0725148463359378,0.0725148463359378,0.0725148463359378,1.7994066345823572,0.0,1.7994066345823572,1.7994066345823572,1.7994066345823572,6.465988013899187,0.2059570168423482,6.446486256500066,6.149959648999356,6.760179557997617,0.0008283767001557862,0.00012644426233200892,0.0007876705003582174,0.0007304339997062925,0.0011509689975355286,2.25102364172768,0.3435985389456765,2.140408968364721,1.984874999201882,3.12763314547698,5.462829940370284e-05,1.8834630364403308e-05,4.609649840858765e-05,3.591800123103894e-05,9.222899825545028e-05,0.19216404630024045,0.0013795166934538923,0.19220517599933373,0.19046396600242588,0.19521413400070742,20.0,0.0,20.0,20.0,20.0,6.0,0.0,6.0,6.0,6.0,20.0,0.0,20.0,20.0,20.0,6.0,0.0,6.0,6.0,6.0,,,,,,,,,,,20.0,0.0,20.0,20.0,20.0,6.0,0.0,6.0,6.0,6.0
energy_efficiency_heating,eql,raw,seed-controlled,10,10,0,0,10,10,10,7,3,0,benchmark_suite_v9,-22.45670333244817,45.88129864901512,-2.7930503247584015,-147.83073383856126,0.03506180184235863,34.689110194291416,34.96814217154601,19.152684696680552,9.735120022014362,120.90322135268235,0.9452073622422725,0.9528104133936243,0.5218715176207235,0.2652621259404458,3.2943657044327614,33.413978998235024,34.56369523147136,18.124347007646634,8.60645945130085,117.97918184427726,24.335138945899597,0.35402360730780263,24.33539241749895,23.591683266000473,24.911972567999328,0.007431825500316336,0.00010643734660570814,0.007447952501024702,0.007306363997486187,0.007605814000271494,20.195177989990043,0.28923192012420723,20.23900136148017,19.854249993168988,20.667972826824712,0.12241323529997317,0.002247324783044183,0.12189723849951406,0.11864681700171786,0.1260373190016253,64.89857382489973,43.49111581657707,48.3047816215003,20.362696194999444,120.05459500500001,76.6,2.2211108331943574,76.5,74.0,80.0,4.0,0.0,4.0,4.0,4.0,75.85714285714286,1.9518001458970664,76.0,74.0,79.0,4.0,0.0,4.0,4.0,4.0,,,,,,,,,,,75.85714285714286,1.9518001458970664,76.0,74.0,79.0,4.0,0.0,4.0,4.0,4.0
energy_efficiency_heating,gplearn,domain_minmax,seed-controlled,10,10,0,0,10,10,10,2,8,0,benchmark_suite_v9,0.7971191811124136,0.4252824665905267,0.926642553522975,-0.4092464516374137,0.9843655882214434,3.4302105122156226,3.011060844893129,2.683314647805174,1.2391741178870745,11.76481319737194,0.0934662264908889,0.08204525462924057,0.0731148405396505,0.03376496234024726,0.3205671170946032,2.169323443658042,1.4804718627643956,1.7913564313070283,0.8725280147076494,6.095928367008093,39.3911793995001,9.444999193798047,37.518455732499206,27.582220304000657,61.13593532700179,0.0010265901000821032,0.0002019661566280389,0.001017952499751118,0.0006780100011383183,0.0013906659987696912,2.7896470110926717,0.5488210777935841,2.7661752710628207,1.842418481354126,3.7789836923089437,0.0002361453000048641,7.115798043004417e-05,0.00022436149993154686,0.0001434719997632783,0.0003448569987085648,79.34733323559995,43.90338113442887,90.51037352300045,1.630334892000974,120.29093551800179,294.6,158.39276077733686,316.5,72.0,601.0,20.5,8.872554436137444,19.0,10.0,43.0,74.5,3.5355339059327378,74.5,72.0,77.0,14.5,6.363961030678928,14.5,10.0,19.0,,,,,,,,,,,170.77777777777777,87.0686191715732,177.0,48.0,325.0,18.666666666666668,9.473647660748208,17.0,7.0,41.0
energy_efficiency_heating,operon,domain_minmax,seed-controlled,10,10,0,0,10,10,10,8,2,0,benchmark_suite_v9,0.9858467546372571,0.003691643209870944,0.9853245496355953,0.9809837165537645,0.9921950937904199,1.1691912350687619,0.1601034915837119,1.1994405107304287,0.8755388166351712,1.366640799285054,0.03185807180023874,0.004362492958684248,0.03268230274469833,0.023856643505045533,0.03723816891784888,0.9067279703928077,0.1336545791433699,0.9228638752647069,0.6538891520707505,1.0680902625166853,3.796149086200239,0.18953737730852746,3.8760120634997293,3.515895038999588,4.027646036000078,7.295220020751004e-05,5.225566961600724e-06,7.371950050583109e-05,6.636699981754646e-05,7.867100066505373e-05,0.19823967447692942,0.014199910221741099,0.2003247296354106,0.1803451081998545,0.21377989311155904,6.159099903015885e-05,1.7769330710656407e-06,6.163750003906898e-05,5.829399742651731e-05,6.434199895011261e-05,41.052858606899825,49.02639704284669,18.847851425500266,1.4264499009987048,120.08642127699932,79.1,23.927900961940736,85.0,42.0,108.0,7.0,1.699673171197595,7.0,5.0,10.0,77.125,26.470671101644335,80.5,42.0,106.0,7.125,1.7268882005337975,7.0,5.0,10.0,,,,,,,,,,,50.57142857142857,15.925421426733035,48.0,33.0,73.0,6.0,1.4142135623730951,6.0,4.0,8.0
energy_efficiency_heating,pysr,domain_minmax,seed-controlled,10,10,0,0,10,10,10,10,0,0,benchmark_suite_v9,0.9099430293769734,0.028450604288874685,0.910056389547478,0.876233002098039,0.959261332815982,2.935123258035455,0.5056401716439672,2.9721113495969815,2.000299235761643,3.486534678375485,0.07997611057317316,0.013777661352696653,0.08098396047948178,0.05450406636952706,0.09500094491486334,2.236292206299189,0.3798469612330085,2.2940627316030375,1.5375194284868905,2.7971790183986083,89.61343195230002,0.3210116669519144,89.6052199099995,88.90440931799822,90.16386667900224,0.003315914899940253,0.0002080110862106215,0.0033007625006575836,0.0030453689978457987,0.003750907999346964,9.010638315055036,0.5652475168766892,8.969463317004305,8.275459233276626,10.192684780834142,0.01233019460014475,0.0009711336761488459,0.012152871500802576,0.010696035998989828,0.014162596999085508,0.5787541655998212,0.4026163066137278,0.4148903320001409,0.2521994390008331,1.5645283359990572,27.3,6.183310871477621,28.0,17.0,39.0,5.7,1.0593499054713802,5.0,5.0,8.0,27.3,6.183310871477621,28.0,17.0,39.0,5.7,1.0593499054713802,5.0,5.0,8.0,,,,,,,,,,,18.1,4.067486256208427,17.5,13.0,26.0,4.1,1.1972189997378646,4.0,3.0,6.0
energy_efficiency_heating,geneticengine,domain_minmax,seed-controlled,10,10,0,0,10,10,10,10,0,0,benchmark_suite_v9,0.7087242935618623,0.20898887162007138,0.7815892925356953,0.2555818658774942,0.9367720082627473,5.085985091313057,1.7450718937409275,4.6312112527175255,2.4919897677277416,8.55066777552338,0.13858270003577805,0.04754964288122417,0.1261910423083794,0.06790162854843983,0.2329882227663046,4.001460272913851,1.557318387656604,3.502230082528329,1.7840678928540579,6.923498608402128,60.24762078929998,0.023988853402333067,60.247143622500516,60.220694867999555,60.305592275999516,0.00010031450001406484,3.156613271371908e-05,9.091399988392368e-05,6.378299804055132e-05,0.00015010400238679722,0.2725937500382196,0.08577753454814965,0.24704891272805346,0.17332336424062858,0.40789131083368807,2.395789997535758e-05,7.497835206328354e-07,2.4149499949999154e-05,2.2920001356396824e-05,2.4977998691610992e-05,0.41148995790026677,0.3279180916030331,0.31691287549983826,0.1733416720016976,1.299546932001249,36.6,24.153214646870047,32.0,10.0,94.0,7.5,1.1785113019775793,8.0,5.0,9.0,36.6,24.153214646870047,32.0,10.0,94.0,7.5,1.1785113019775793,8.0,5.0,9.0,,,,,,,,,,,24.3,14.484090889278793,22.0,8.0,59.0,5.7,0.9486832980505138,6.0,4.0,7.0
energy_efficiency_heating,itea,domain_minmax,uncontrolled,10,10,0,0,10,10,10,10,0,0,benchmark_suite_v9,0.858108925872574,0.0,0.858108925872574,0.858108925872574,0.858108925872574,3.7330954898143167,0.0,3.7330954898143167,3.7330954898143167,3.7330954898143167,0.10171922315570345,0.0,0.10171922315570345,0.10171922315570345,0.10171922315570345,2.9113344828682175,0.0,2.9113344828682175,2.9113344828682175,2.9113344828682175,4.07049166310062,0.15194839488920336,4.056412514501062,3.8814285100015695,4.3614884769995115,0.000813794100395171,8.206636972103235e-05,0.0008165290000761161,0.0006977869998081587,0.000969601001997944,2.2113970119434,0.22300643945932705,2.218828804554663,1.8961603255656487,2.6347853315161522,4.396780059323646e-05,8.315314754229071e-06,3.93484988308046e-05,3.6421999539015815e-05,5.8749003073899075e-05,0.2141694126989023,0.0017881335898249698,0.21400105850079854,0.211863952998101,0.2172064849983144,13.0,0.0,13.0,13.0,13.0,5.0,0.0,5.0,5.0,5.0,13.0,0.0,13.0,13.0,13.0,5.0,0.0,5.0,5.0,5.0,,,,,,,,,,,9.0,0.0,9.0,9.0,9.0,3.0,0.0,3.0,3.0,3.0
energy_efficiency_heating,eql,domain_minmax,seed-controlled,10,10,0,0,10,10,10,8,2,0,benchmark_suite_v9,0.9372079216232949,0.015058525018041077,0.9432212354734999,0.9004784560088783,0.9479878720664361,2.4694600437834473,0.27681992013146844,2.3614811308024724,2.2601843938194017,3.1264401071573897,0.06728773961262799,0.00754277711529887,0.06434553489924993,0.061585405826141734,0.08518910373725858,1.8546599169270355,0.25976987264985585,1.780012691859032,1.6375483038285146,2.4886727047479753,24.485166702499555,0.3204063340241325,24.47893203950116,23.929485928998474,24.858560253000178,0.007504860100743827,0.00010447784349096118,0.007500253999751294,0.007363141001405893,0.007718330001807772,20.393641578108223,0.2839071833993505,20.381124999324168,20.008535329907318,20.973722830999378,0.12225188230040658,0.004528776233044709,0.12409675449998758,0.11322702599863987,0.12747980100175482,50.860641500899874,29.32833990645856,39.597783960502056,5.275283838996984,89.3731494599997,77.1,2.4244128727957572,77.0,73.0,80.0,4.0,0.0,4.0,4.0,4.0,77.125,2.416461403433896,76.5,73.0,80.0,4.0,0.0,4.0,4.0,4.0,,,,,,,,,,,76.75,2.49284690951645,76.5,73.0,80.0,4.0,0.0,4.0,4.0,4.0
airfoil_self_noise,gplearn,raw,seed-controlled,10,10,0,0,10,10,10,6,4,0,benchmark_suite_v10,-1.71257654519023,2.178298811670865,-0.8509402987203567,-4.933773612991484,0.17190096956554657,10.60302170014574,4.387130894923866,9.405614963081689,6.293578004940586,16.846976411475698,0.2901916278982357,0.12007036222354438,0.2574200821906423,0.17224746852429207,0.46108096807366833,7.752627830227081,2.5756846524568933,7.568572483013758,4.901402786902457,12.009897667335515,65.93078514430002,28.2493869668701,61.868637911499974,26.401511002000007,128.03074660800007,0.002822965399985833,0.001327335616734675,0.0024297184999113597,0.0006850580000445916,0.005628595999951358,2.559352130540193,1.203386778544583,2.2028272891308793,0.6210861287802281,5.102988213917822,0.0007216207000112718,0.0004095414402639033,0.0006603050001103838,0.00012571499996738567,0.001476873000001433,61.15334999089996,56.74211470483919,55.95821320799996,0.27700095299996974,120.20952339199994,442.9,213.05265389882692,498.0,11.0,704.0,16.1,10.03826014141229,11.0,3.0,33.0,393.6666666666667,240.52664440071223,432.0,11.0,635.0,12.833333333333334,8.232051182218601,10.0,3.0,26.0,,,,,,,,,,,393.6666666666667,240.52664440071223,432.0,11.0,635.0,12.833333333333334,8.232051182218601,10.0,3.0,26.0
airfoil_self_noise,operon,raw,seed-controlled,10,10,0,0,10,10,10,10,0,0,benchmark_suite_v10,-0.5369703986007079,1.6732234409421178,0.31258872211633854,-3.825562101010182,0.8170805028635851,7.396254728264488,4.571753846019523,5.58918075119397,2.95792038695332,15.192541655906794,0.20242637058034058,0.12512326471124643,0.15296898437774284,0.08095463317514148,0.41580112912329054,3.1565573535466127,0.5870753489623503,3.1749623095736323,2.2296881640270847,3.929975818512987,3.9468196866000285,0.1478632733164505,3.97103968050007,3.7376294519999647,4.126872908999985,7.917389997942337e-05,7.387794326774108e-06,7.769200001916943e-05,6.970200001887861e-05,9.086999989449396e-05,0.07178050768760053,0.006697909634428025,0.0704369900445779,0.06319310971793164,0.08238440606935082,6.18127000052482e-05,1.2094461789051121e-06,6.172749999677762e-05,6.0061999988647585e-05,6.325999993350706e-05,5.044428735799966,5.127514072268143,3.602376126999843,0.48431991300003574,17.36530974699963,65.9,9.837004964249367,67.0,50.0,77.0,6.4,1.2649110640673518,6.0,5.0,9.0,65.9,9.837004964249367,67.0,50.0,77.0,6.4,1.2649110640673518,6.0,5.0,9.0,,,,,,,,,,,65.9,9.837004964249367,67.0,50.0,77.0,6.4,1.2649110640673518,6.0,5.0,9.0
airfoil_self_noise,pysr,raw,seed-controlled,10,10,0,0,10,10,10,10,0,0,benchmark_suite_v10,0.3519848317673494,0.07557254136358585,0.36626518463607893,0.2050641145493035,0.4582106059364478,5.559015951317338,0.32111799478388087,5.505491656425008,5.090632324544078,6.1662699362142,0.15214341100545564,0.008788603502760985,0.15067851706237362,0.13932432876851705,0.1687632036842246,4.368243963648174,0.23636299368313746,4.298961320171849,4.0007331044479715,4.764096979914922,89.78949200569997,0.8793353562157851,89.63228711750003,88.52967260000003,92.00773325900002,0.0028954873000031967,0.0002456137932957258,0.0028491834999613275,0.0026198870000371244,0.0034157620000314637,2.6251018132395254,0.22267796309675955,2.5831219401281302,2.3752375340318443,3.0967923844346905,0.007934164599942051,0.0016365223087437494,0.007601787999931275,0.005776651999894966,0.01135879899993597,0.17198298000007525,0.028885699229152875,0.16145354750005936,0.1536847519996627,0.2464406260000942,10.2,5.138093031466052,8.0,6.0,21.0,2.9,1.1005049346146119,2.5,2.0,5.0,10.2,5.138093031466052,8.0,6.0,21.0,2.9,1.1005049346146119,2.5,2.0,5.0,,,,,,,,,,,10.2,5.138093031466052,8.0,6.0,21.0,2.9,1.1005049346146119,2.5,2.0,5.0
airfoil_self_noise,geneticengine,raw,seed-controlled,10,10,0,0,10,10,10,10,0,0,benchmark_suite_v10,-0.30202952397669375,0.9312202138239164,-0.002752981990439607,-2.8538021338062816,0.3049291961579286,7.596583397211916,2.253342459214917,6.925536043860367,5.765951759430003,13.576917772039126,0.20790911919677907,0.06167120420425083,0.18954338069572402,0.15780698887268052,0.37158349586838696,6.171568365442438,1.9733145128410525,5.570305310116344,4.641088385066101,11.347462184444293,60.239879399499955,0.013730199627984344,60.23982927199998,60.216677148999906,60.25751887200022,9.956800002441923e-05,2.6158195731169332e-05,0.00010096349996047138,6.0812000128862564e-05,0.00012880399992809544,0.09027017227961853,0.023715499302964037,0.09153535807839654,0.05513327300894158,0.11677606521132859,2.526619992408996e-05,4.785275846055247e-06,2.3842499899728864e-05,2.292299996042857e-05,3.881200001387697e-05,0.23021321700002773,0.1023640496833081,0.24376838150010371,0.02460954300022422,0.400593865999781,18.3,9.019115502334165,18.5,1.0,35.0,5.2,2.0439612955674527,5.0,0.0,7.0,17.5,9.119576013536301,18.0,1.0,35.0,5.0,2.0,5.0,0.0,7.0,,,,,,,,,,,17.5,9.119576013536301,18.0,1.0,35.0,5.0,2.0,5.0,0.0,7.0
airfoil_self_noise,itea,raw,uncontrolled,10,10,0,0,10,10,10,10,0,0,benchmark_suite_v10,0.6359537789617505,1.1702778228589004e-16,0.6359537789617504,0.6359537789617504,0.6359537789617504,4.1728689415187485,0.0,4.1728689415187485,4.1728689415187485,4.1728689415187485,0.11420627679453574,1.4628472785736255e-17,0.11420627679453575,0.11420627679453575,0.11420627679453575,3.1603499475267514,0.0,3.1603499475267514,3.1603499475267514,3.1603499475267514,10.746834511499946,0.20999409674056405,10.815889113499964,10.401004268000179,10.990890930999967,0.0007983273000718328,8.488442508245735e-05,0.0008038255001565631,0.0006782100001601066,0.0009381119999716248,0.7237781505637649,0.07695777432679723,0.728762919452913,0.6148776066728074,0.8505095194665683,5.309070000407701e-05,1.70609109034682e-05,4.7674499967342854e-05,3.4176000099250814e-05,8.191300003090873e-05,0.30807281460010927,0.003479935242012164,0.3078502230000595,0.30327589299986357,0.3145213570001033,24.0,0.0,24.0,24.0,24.0,6.0,0.0,6.0,6.0,6.0,24.0,0.0,24.0,24.0,24.0,6.0,0.0,6.0,6.0,6.0,,,,,,,,,,,24.0,0.0,24.0,24.0,24.0,6.0,0.0,6.0,6.0,6.0
airfoil_self_noise,eql,raw,seed-controlled,10,10,0,0,10,10,10,10,0,0,benchmark_suite_v10,-5281635.6985589005,15877867.119036943,-6982.267577885762,-50452659.380497776,-1.9684468441784677,6760.2613063148265,15163.071698852527,523.6283202835598,11.915742774518252,49124.54230972283,185.020014951963,414.99457274214575,14.331061368535764,0.326119184808097,1344.4781408320875,2798.024854354266,5772.205172535608,347.861042278882,9.68753822394279,18674.286892715136,24.614657297800022,0.3305387119532902,24.50826637050011,24.23084592300006,25.205633820999992,0.0075101195999423,0.0001316202279493731,0.007470685999976467,0.007373557999926561,0.007828933999917354,6.8088119673094285,0.11932930911094572,6.773060743405682,6.68500271978836,7.097854940994881,0.08683611559994801,0.004089188856073575,0.08621763949997785,0.08288869099988005,0.09771626299999525,4.443125725200025,2.375043788575943,4.778732910999679,0.6358530689999498,7.598678467000354,50.2,2.250925735484551,50.0,47.0,53.0,4.0,0.0,4.0,4.0,4.0,50.1,2.1317702607092643,50.0,47.0,53.0,4.0,0.0,4.0,4.0,4.0,,,,,,,,,,,50.1,2.1317702607092643,50.0,47.0,53.0,4.0,0.0,4.0,4.0,4.0
airfoil_self_noise,gplearn,domain_minmax,seed-controlled,10,10,0,0,10,10,10,4,6,0,benchmark_suite_v10,0.31556235440477465,0.28365495381207173,0.36156743974465144,-0.1900977659356604,0.5904858129029451,5.617108990364422,1.1477938207037963,5.525747775702578,4.4257915702893005,7.544801205927918,0.15373334584171056,0.03141370137127911,0.1512329020664124,0.12112845723053531,0.20649190448103114,4.235950452486948,0.9636856033522299,4.17046735332983,3.266503343981601,5.893106505970128,38.02112982600001,9.16886120291433,38.0342791290002,23.627682198000002,51.28464386399992,0.0013322229999175761,0.0004824086972628441,0.0013911925002503267,0.0006078470000829839,0.0020867309995082906,1.2078177696442214,0.43736055962179887,1.2612805985950377,0.5510852221967215,1.8918685398987223,0.00024915580002016213,9.684149387732328e-05,0.0002489390001301217,0.00010813100016093813,0.0003778020000027027,56.6391412416001,50.909673158120505,55.54704556750039,0.3268530939994889,123.70616102900021,209.6,116.06434996730621,227.0,13.0,394.0,17.8,6.425643072011462,17.0,8.0,28.0,98.0,79.94164538378396,103.0,13.0,173.0,13.25,6.3966136874651625,12.0,8.0,21.0,,,,,,,,,,,114.28571428571429,83.48595547698285,117.0,9.0,239.0,12.714285714285714,5.219012860502955,14.0,5.0,19.0
airfoil_self_noise,operon,domain_minmax,seed-controlled,10,10,0,0,10,10,10,8,2,0,benchmark_suite_v10,0.6492280620375228,0.03036955556464299,0.6450336109645971,0.5942753059466674,0.7021730970805067,4.092616998170851,0.17761993124787984,4.120412127024405,3.774317614989588,4.405266657121397,0.11200988007474003,0.004861238470848973,0.11277059847349072,0.10329841849552758,0.12056671566920456,3.1194491637408897,0.15192746761026318,3.1049527806189525,2.8635728038189523,3.3774237820857884,3.7842149753998457,0.22207558042946487,3.789561964499626,3.5049664919997667,4.1464838289998625,7.428890003211564e-05,8.011817756401269e-06,7.184100013546413e-05,6.828100003986037e-05,9.662299999035895e-05,0.06735167727299696,0.00726366070389961,0.06513236639661299,0.0619048051132007,0.08760018131492199,6.405440021808317e-05,1.1214684017130119e-05,6.0927000504307216e-05,5.804700003864127e-05,9.580500045558438e-05,16.440134923399636,26.989895103551707,4.501622386499548,0.6158508560001792,68.85348073800014,70.7,14.181756669123265,70.5,45.0,90.0,6.6,0.6992058987801011,6.5,6.0,8.0,64.75,13.646035531035588,66.5,40.0,84.0,5.75,1.8322507626258087,6.0,3.0,8.0,,,,,,,,,,,53.6,11.834037537731762,55.0,34.0,66.0,5.8,0.7888106377466155,6.0,4.0,7.0
airfoil_self_noise,pysr,domain_minmax,seed-controlled,10,10,0,0,10,10,10,9,1,0,benchmark_suite_v10,0.26536181387427726,0.060264692685336387,0.27036169789929665,0.13793678063913728,0.33704867185057585,5.923425370341137,0.239894181186259,5.907495856734053,5.631152693937931,6.421345522867524,0.16211684740109297,0.006565607892776258,0.16168087625852678,0.15411770468930783,0.1757443079223691,4.725445688976521,0.18994384130527467,4.752236115283869,4.382588737042066,5.014045298289996,89.66211100630002,0.3493931112805591,89.64555144099995,89.04210058999979,90.18112955900006,0.0029804560000684433,0.0001528722962629321,0.0029812924999532697,0.0027589519995672163,0.0032272700000248733,2.7021359928091053,0.13859682344780785,2.7028943789240882,2.501316409399108,2.925902085244672,0.01069655819997024,0.0020052235286640704,0.011425389000123687,0.007717213999967498,0.013646389999848907,6.204469110799982,18.96455637175122,0.20251787699999113,0.1654639819989825,60.178454781000255,13.8,5.750362307426087,12.0,8.0,27.0,3.0,1.3333333333333333,2.0,2.0,5.0,12.222222222222221,3.492054473292827,11.0,8.0,19.0,2.5555555555555554,1.130388330520878,2.0,2.0,5.0,,,,,,,,,,,10.5,2.41522945769824,10.0,8.0,15.0,2.3,0.48304589153964794,2.0,2.0,3.0
airfoil_self_noise,geneticengine,domain_minmax,seed-controlled,10,10,0,0,10,10,10,10,0,0,benchmark_suite_v10,-0.09352266574492686,0.5921449632212806,0.07488793738881283,-1.7274605706651784,0.3814542500767837,7.0669607750310535,1.6202776775161052,6.652018445911878,5.439292263158227,11.421830784816002,0.1934140011777068,0.044345001847832535,0.18205754135179475,0.14886672130817846,0.31260142276030434,5.404602576072344,0.7599511485003548,5.273386389489842,4.225266047856932,7.082833055165482,60.249239636799985,0.0240357579117155,60.24824026850001,60.211517206999815,60.285705694999706,0.00011686449988701497,4.599844803372519e-05,0.00010391949990662397,7.854599971324205e-05,0.00024082600066321902,0.10595149581778329,0.04170303538869011,0.09421532176484494,0.07121124180710975,0.21833726261397918,2.4822799969115294e-05,1.3611558013954099e-06,2.4594499791419366e-05,2.344899985473603e-05,2.8035000468662474e-05,1.2158492976001072,2.147783517000709,0.3738942295003653,0.18311809399983758,7.158622965999712,36.6,20.538311084951026,33.5,12.0,71.0,6.7,1.0593499054713802,7.0,5.0,8.0,34.8,19.343675394758304,33.5,12.0,71.0,6.5,0.97182531580755,7.0,5.0,8.0,,,,,,,,,,,25.3,11.372969904314548,26.5,10.0,44.0,5.8,0.7888106377466155,6.0,5.0,7.0
airfoil_self_noise,itea,domain_minmax,uncontrolled,10,10,0,0,10,10,10,0,10,0,benchmark_suite_v10,0.3455249951753695,0.006122669012596696,0.34188446796602945,0.33884107800264307,0.35250748097107276,5.594982495804506,0.026188292679926672,5.610577317298646,5.56511135569448,5.623535133036274,0.15312777097280922,0.0007167412742877704,0.15355458200499875,0.15231023470618202,0.15390922144168462,4.342967393571875,0.03969801963062309,4.339375276780221,4.301807224095619,4.385923621443959,4.352682097900288,0.1453414782293007,4.3909010910006145,4.110738416000004,4.551147868000044,0.0007576045000405429,8.856285587688883e-05,0.0007600459998684528,0.0006293209999057581,0.0009425530001863081,0.6868581142706646,0.08029270705066985,0.6890716227275184,0.5705539437042231,0.8545358115923011,4.4414300009520955e-05,1.2480322057842037e-05,4.0428499687550357e-05,3.653900057543069e-05,7.692100007261615e-05,39.77998404969967,26.368525593386252,60.17874681199919,9.034508320999521,60.265129953000724,25.2,6.160808027812225,24.0,19.0,32.0,6.0,0.0,6.0,6.0,6.0,,,,,,,,,,,,,,,,,,,,,12.0,0.9428090415820634,12.0,11.0,13.0,4.0,0.0,4.0,4.0,4.0
airfoil_self_noise,eql,domain_minmax,seed-controlled,10,10,0,0,10,10,10,10,0,0,benchmark_suite_v10,-0.711151607479176,1.3273250536739738,-0.090463008070509,-2.9381274177372974,0.5626288831421736,8.439493856028351,3.4353870790951024,7.212531708975343,4.57384592819169,13.724652686564477,0.230978538946531,0.09402230770964753,0.19739809811635395,0.12518052242026625,0.37562681828683764,6.960669130594954,3.06758308833135,5.857782528898604,3.598467853600083,11.529397550746165,24.469885020899845,0.4174105447798539,24.598096784499603,23.917249130000073,25.094622602999152,0.007690364900008717,0.000372118106297539,0.007572099499611795,0.007315826000194647,0.008499595000103,6.97222565730618,0.33736909002496757,6.865004079430458,6.632661831545464,7.705888486040798,0.08726702510002723,0.0017506699057449977,0.0870473300001322,0.084448607000013,0.09052886500012391,5.962825736399918,2.3033205143308977,6.411100793500282,2.3974176430001535,9.8654782170006,52.5,0.5270462766947299,52.5,52.0,53.0,4.0,0.0,4.0,4.0,4.0,52.5,0.5270462766947299,52.5,52.0,53.0,4.0,0.0,4.0,4.0,4.0,,,,,,,,,,,52.5,0.5270462766947299,52.5,52.0,53.0,4.0,0.0,4.0,4.0,4.0
